Diagram_ID,Name,Diagram_Type,Package_ID,ParentID,Object_Count,ea_guid,Notes
5248,PCBA PT4,CompositeStructure,3969,93133,125,{05E3A974-828D-47c6-AFB1-FDD5EABE7B76},
5249,Charge Voltage Mode,Custom,3980,0,26,{C1289BFD-F775-4418-BA5E-12B688B6CEDD},
5250,Charge BMID Mode,Custom,3981,0,10,{F1F9B1C5-5641-482e-BF09-82082F06E1C4},
5245,PT4 Monitor,Logical,3976,0,8,{AACC97BB-3501-4df7-AAEB-2F79E51479DC},
5246,PT4 Control,Logical,3977,0,6,{9FF762BC-6825-49be-9C70-34F9DB8D15F5},
5247,PT4 Comms,Logical,3978,0,9,{7F655D19-F5D0-463b-BAE7-5C01E898CE1A},
5242,Circuit - PLC,Logical,3974,0,2,{3987CC7F-163D-45b7-87EF-FAF0B1DEE3A2},
5243,PT4 Power,Logical,3975,0,6,{32D225E4-B1C7-4cba-86D3-7E1B92616EF4},
5244,Circuit - Voltage Reference 3.3VDC,Logical,3975,98969,1,{BC53FAEE-F51A-443a-BB41-C7359114BE9E},
5237,PCBA - PT4,Logical,3969,0,22,{805DF459-5AE1-4507-97B4-4F92E88AF582},
5238,Electrical - PT4,Logical,3970,0,7,{9CC5BEBF-909B-4886-8B33-B25CCD223025},
5239,Enclosure - PT4,Logical,3971,0,2,{A7336566-7EAE-439f-A9B2-D67771B386AD},
5240,Structure - PT4,Logical,3972,0,0,{81ED54E1-0F28-4b32-B4ED-22F2BEA03C4E},
5241,PT3,Logical,3973,0,0,{EACF1572-F0B9-4672-8856-360319279535},
5229,GM/Crown Thermistor Function,Custom,3967,0,28,{0247588C-17DF-4d18-A04D-8E3A67BA6C9F},
5230,GM/Crown Thermistor Function,Use Case,3967,0,12,{60EF15EC-010A-4761-8BE5-75DA566393A4},
5227,MIPI Comms,Logical,3965,0,9,{48B45CEE-C401-4e3e-BF08-98340265633A},
5228,MikroBUS Comms,Logical,3966,0,3,{D55F90D8-54E0-446b-8B89-898FF79420C4},
5223,PosiGuard BMS+ Context,CompositeStructure,3792,98636,44,{B71C1B77-B7D5-6421-84F9-E5A807778366},
5225,PosiGuard BMS- Context,CompositeStructure,3792,98693,42,{84F9E5A8-0777-8366-8F5B-21108D17B7B4},
5226,PosiGuard Standard Context,CompositeStructure,3792,98740,47,{84F9E5A8-0777-8366-8A18-AA1E764A80C0},
5220,Monitor System,Logical,3955,0,12,{F40A9C85-612C-4763-9C45-DD1C26886FEC},
5221,PosiGuard Telemetry Context,CompositeStructure,3792,98542,36,{92F6D8D2-7AA2-DC7C-B71C-1B77B7D56421},
5222,PosiGuard Telemetry Context,Logical,3792,0,21,{4A1B3581-5443-46cb-8BEA-A3056A964E26},
5217,Monitor Voltage,Custom,3955,92059,6,{A3F1B5F2-1773-4210-B33F-411CA757309E},
5218,Monitor Energy,Custom,3955,98363,7,{56647268-5F44-4801-A84D-5EAD1BF8FE65},
5214,Communicate via Smartguard,Custom,3952,81268,11,{47304CF1-54F7-49df-AF46-8B95B3616490},
5215,Monitor Signal,Custom,3955,92062,5,{F1D902EC-5273-4d75-885E-277BFD1B2E1C},
5211,Charger,Logical,3737,0,18,{3C7E5184-9F90-44fb-ADA5-F577E028ED67},
5212,Monitor System Health,Custom,3955,69099,6,{BC9E970A-3078-4662-A58D-11D6710747B9},
5209,Monitor Pilot,Custom,3955,23085,32,{D02B68B4-FD46-4df7-8FED-BD53B7EDEF53},
5210,GSE_SW 2.5 Pilot,Custom,3570,86142,18,{F9468F8A-7C4C-42d2-9B79-4AEC27A0C682},
5206,PCBA - Idle Power - Server,Logical,3949,0,8,{2F5C8965-8DB4-4d94-8A30-1AE7C4C36B00},
5207,PCBA - Idle Power - Server,CompositeStructure,3949,31098,48,{5BED151F-D0F2-4984-A3C6-A1B3D0F5131F},
5203,VPT Reports,Logical,3947,98081,14,{1D09E95B-0256-4136-9884-608951FD8D3D},
5204,VPT 17,Custom,3947,98124,5,{D11B4EE9-CB27-4163-AC7C-62FFE98E30CD},
5205,PC 1.0 Technician Network,Use Case,3944,0,50,{304AA1E8-74A2-49e7-BACA-809CD0744DAD},
5200,Viking PT4,Custom,3947,98068,7,{A078F454-43A4-4d3c-A30E-B320B5339436},
5201,Communicate Alert,Custom,3952,98199,12,{C647E4B7-85AC-4aa0-8FF4-707BA40BECD8},
5202,PT4,Logical,3948,0,21,{CA6F6EA6-0147-4ffd-8FE7-B743E9D61D09},
5196,ProtoBoards,Logical,3946,0,9,{3F9D973D-9208-4637-BCC4-E9B4430F25FD},
5197,STMH757 Board,CompositeStructure,3946,97983,55,{CF0F956A-649C-4cd8-BE96-CD92982AC3A9},
5199,VPT Alerts,Custom,3947,98070,19,{2423F0D6-7D13-4c1b-8132-4724000355D5},
5193,PC 1.0 Operator Remote HMI,Use Case,3943,0,14,{396CFD63-B538-4bcf-8B1E-BA2F269F98B4},
5194,PC 1.0 Technician,Use Case,3944,0,59,{9C207A90-D46E-40ca-A91F-8A9C0731F1CF},
5195,3.3VDC Voltage Regulator Comms Cellular,Logical,3945,0,4,{3FD79B39-353F-4565-B53C-EBE00A4BF4BC},
5191,PC 1.0 Operator Stack Light,Use Case,3943,0,27,{42FA88E4-0C52-4394-99BA-F77BBDDE7FB3},
5192,PC 1.0 Operator Display,Use Case,3943,0,18,{3F508FD8-3CAC-47d1-998F-1D15AF667AD3},
5190,Accept User input to control product,Custom,3952,93978,27,{F1944405-650A-43cf-81C5-3BC3D212D79F},
5189,PC 1.0 Operator Phone App,Use Case,3943,0,26,{F0DCBD32-8FC5-4263-A0D4-BBCCEE872E9E},
5186,CAN Comms,Custom,3905,0,46,{F34F3CE5-CD0B-4b78-88E9-89209DADA696},
5188,PC 1.0 Operator,Use Case,3943,0,13,{8E11A4AD-24DD-4659-9548-EAC88BCD6B87},
5183,PCBA - Platform Comms Ethernet,CompositeStructure,3844,96188,20,{6E5C1ABA-0D9F-4a64-92D5-121C5C7738E8},
5184,PCBA - Platform Comms CAN,CompositeStructure,3844,96188,26,{27F69212-ACCC-4372-AEDC-35274D9CD38E},
5185,PCBA - Platform Comms ST67,CompositeStructure,3844,96188,25,{07513DC1-B730-4d17-855F-9FA4D2F3CE4A},
5180,GSE Context RampRunner,CompositeStructure,3816,97912,3,{7C5B80FA-9FA4-4865-9BC1-0414C5FC7F0D},
5181,PCBA - Platform Comms STM32H7,CompositeStructure,3844,96188,44,{D6A4F482-0668-4773-BEE5-8CC9BCB2786B},
5182,PCBA - Platform Comms Cellular,CompositeStructure,3844,96188,29,{6E18FF33-FD74-4b54-BD92-4B2DDE7E8B8D},
5175,Start Charge Automatically,Custom,3956,77339,25,{DBDD3A39-287B-4454-AD9E-10C026B78D00},
5178,STM_Comms PCE Set,CompositeStructure,3873,96187,5,{FBB6A08E-8DDE-489f-B5D1-B6A25292F519},
5174,Initialize HW,Custom,3956,79813,74,{76C618C1-853E-43aa-AC5B-24CA463C2709},
5173,HVPS GSE Integration,Custom,3942,0,52,{BF988041-B1F0-4766-BC72-467773C87A97},
5172,LED Integration,Custom,3555,34240,32,{F0DBB425-0211-4415-AAB5-751FF9879DD7},
5171,User Comms,Custom,3555,52099,15,{E1900C48-2740-46bf-8CEB-56568039484A},
5169,Display Heater Comms,Logical,3941,0,3,{09288B8B-A0FB-4bf7-8EFC-7801B3DE881B},
5170,Accept User Input,Custom,3952,22862,36,{E2D7AF48-57ED-44c4-AA93-1B9FE0E342A9},
5163,Current Monitor Aux,Logical,3939,0,4,{3C2D9E74-1908-413d-9334-DA449D7D367F},
5168,Flash Comms,Custom,3893,0,18,{B2BDFE0E-BE65-4579-ABD3-00D9DDBBDA01},
5160,Thermal,Logical,3937,0,2,{9FE9585D-4774-4753-91F4-7D8C98C0AD5D},
5161,Display 4.3 PCE,Logical,3725,0,3,{54CF9256-59A2-41f8-A0A5-C37B82F00C42},
5162,SIM Card Comms,Logical,3938,0,5,{58FE51A4-DE59-460f-8BA3-41004FD3AAEB},
5157,Circuit - HMI Display Heater,Logical,3934,0,3,{0C5AE568-281B-48c5-BA25-383E383158A9},
5158,Resistive Touch Comms,Logical,3935,0,8,{0E1949C0-7F02-41c6-9FFE-1D6A5B059B97},
5159,Display,Logical,3936,0,8,{5CCB6323-C65D-4161-A8D9-17F6023C0D68},
5154,STDC14 ST67,Logical,3931,0,9,{01B0A34F-E574-455b-9EDC-3280DBA5F124},
5155,Stack Light Comms,Logical,3932,0,6,{DE9B4C4C-87CB-4a2f-AEA1-5BC8F513DD09},
5156,Display Comms,Logical,3933,0,7,{C04B3F53-2804-4a88-93CE-C76A9447E534},
5150,Circuitry - LV,Logical,2754,0,15,{777706E1-02D9-4d82-ADCE-A80190482701},
5152,SD Card Comms,Logical,3929,0,7,{9BC83937-0DBD-40b2-8CA3-42A640B9DDD1},
5153,STDC14  STM32M7,Logical,3930,0,14,{C801AAF9-B973-4500-9F4E-328AD533E544},
5147,Remote HMI Comms,Logical,3926,0,3,{CF7F3662-B8A2-4421-8448-13B881DF3AB3},
5148,5VDC Voltage Regulator Comms,Logical,3927,0,6,{4A5FBE18-718C-4fa9-86F2-36F4E54719C4},
5149,3.3VDC Voltage Regulator Comms,Logical,3928,0,7,{6987E10D-321F-475a-965F-7DB5F0A47D14},
5144,PCBA - Platform Aux,CompositeStructure,3842,97375,154,{EE6F0F03-6788-46ed-892F-7E09F3D19DA1},
5145,Dip Switch Aux,Logical,3923,0,10,{7E4757D0-4EE9-46df-BB1C-0E13E66CC029},
5146,CEC Interface,Logical,3925,0,9,{1D852063-9E94-40ce-9FD6-ECAFBB2B79FD},
5141,QUART Aux,Logical,3915,0,18,{DE19AA8B-5D86-4b21-843E-CCA9B243A010},
5142,RS485 Aux,Logical,3916,0,15,{901318F6-F93C-428c-AB74-D1F48015D49F},
5143,Safety Aux,Logical,3917,0,18,{3AA3C2A3-141A-4f51-A359-4258EE1F1848},
5138,Temp Monitor Aux,Logical,3912,0,10,{FF228322-0578-414b-AF0B-7C0E3C002B99},
5139,Display Aux,Logical,3913,0,8,{C005561E-212C-45f6-AEB2-3251DFF6741A},
5140,Level Shifter Aux,Logical,3914,0,11,{2BFB315E-3591-4576-9C86-9478F7CC58E3},
5135,Analog Mux,Logical,3909,0,14,{B650CF02-BCD6-4d56-B4EA-DAC70F3AF9F8},
5136,Voltage Regulator +/-13VDC,Logical,3910,0,12,{0FCD7A3F-0582-42cc-A8D1-E29F87E192EA},
5137,Voltage Regulator 3.3VDC Aux,Logical,3911,0,15,{1D0E0BD0-F38F-44f5-A1FC-2D2AB2FBCCD9},
5132,Comms Power,Logical,3906,0,1,{25DBAE71-E7A6-4be8-A311-4C543F9BE20D},
5133,Interface,Logical,3907,0,8,{BEF6A5BC-9A2F-469b-AF70-2772D73B9991},
5134,Expansion Aux,Logical,3908,0,22,{4CC07702-6514-4238-BA5E-6EA2B2E97F80},
5129,Expansion Comms,Logical,3903,0,5,{FB62FE4D-3ADE-4059-8E27-57FA2CCDA15C},
5130,Comms HMI,Logical,3904,0,1,{19D40045-563A-4dfe-B4C7-23EE6B827006},
5131,CAN Comms,Logical,3905,0,18,{329EED13-8918-42fd-ADEA-420DEC16227B},
5126,Diagram Legend,Logical,3899,0,10,{410CAE37-C7F6-44be-9CD4-4D81BFFA805A},
5127,Ethernet Comms,Logical,3900,0,9,{70421AEA-1A5B-4cdc-BDA7-249DA48F4B2D},
5128,Cellular Comms,Logical,3901,0,8,{25015B3F-4545-42d0-960D-BF563F20D769},
5122,Reset Comms,Logical,3895,0,9,{D3033F84-08C3-449b-907F-D93D775BFCB1},
5124,USB Comms,Logical,3897,0,13,{6F361180-CDF0-4021-9796-60DFCB95168A},
5125,Wireless Comms,Logical,3898,0,18,{B760D8D7-8933-4a84-8BB3-04B8CE540EC3},
5119,STM32H7 Comms,Logical,3890,0,9,{20398C9F-CEC9-40e0-B0ED-FF7CC30A89E5},
5120,RAM Comms,Logical,3892,0,5,{5D674B46-5058-4657-AC3C-7DE9B77AE6C2},
5121,Flash Comms,Logical,3893,0,5,{529A78DC-E017-4a26-B44D-84B968B309DF},
5116,PosiGuard EOL Tester,Logical,3887,0,29,{2344FEAC-2B33-448c-9960-F9C352B4192F},
5117,Test Equipment,Logical,3888,0,2,{DD34AD8B-719A-434b-87E1-E5B1BC8063F4},
5118,PosiGuard EOL Tester,CompositeStructure,3887,97132,54,{ABBFB5EC-354A-42c6-8BA7-FD9C871DF8FF},
5113,Platform PCBA,Logical,3843,0,46,{2CFE4D4D-0533-4836-98F3-98A17B8F2082},
5114,Light Bar Comms,Logical,3886,0,14,{A9D5882F-7A80-49ed-8A4A-620EA9EFB9BF},
5115,Comms PCBA,Logical,3844,0,41,{CCE330F1-C52B-4b3d-A179-25EAB93B7A0B},
5111,Perform Charger OTA,Custom,3956,82789,12,{1B757304-C1FE-4ae6-85C4-4DA09D9C221E},
5112,PVS Documentation,Logical,3885,0,20,{1EA4D907-6264-4084-BF67-4CB504569274},
5109,GSED4.05-Configuration Change Confirmation,Custom,3884,96797,2,{CA59E4D1-D218-4eb0-B68A-F709C83C8875},
5110,GSED4.06-Restricted Access to Critical Configuration Parameters,Custom,3884,96798,3,{172BC032-2978-4289-8DB6-E7E260DF25A7},
5106,GSED4.02-Charger ID Configuration via HMI,Custom,3884,96787,2,{DD9C064B-5888-493c-B9C9-58D49A588811},
5107,GSED4.03-BMID Programming via HMI,Custom,3884,96788,2,{D5839CBB-7B0B-4bac-9BE3-3B75A20C58C2},
5108,GSED4.04-Configuration Validation and Feedback,Custom,3884,96796,2,{8BEE1EA3-444E-44a2-A85E-1577A16AB256},
5103,GSED3.12-Firmware Update Access,Custom,3884,96758,11,{872AB5AA-45CF-47c5-AD03-1A915B110ECA},
5104,GSED4-Configuration and Programming,Custom,3884,96785,8,{527B1BFC-FE71-4648-B209-238F291998DD},
5105,GSED4.01-Charger Control Board Programming via HMI,Custom,3884,96786,3,{373CD048-7DFA-4c20-A931-8E3AD89597CC},
5100,GSED3.09-Charger Information Visibility,Custom,3884,96765,6,{074AAA7C-9AD8-4597-9191-2DA378221E2D},
5101,GSED3.10-Charger Settings Access,Custom,3884,96764,10,{57115D2B-A96E-44ac-B051-DB2BDADF8C67},
5102,GSED3.11-Charger History Logs Access,Custom,3884,96763,6,{0196C368-E0BF-4be8-97D5-5C599DE27DAC},
5097,GSED3.06-HMI - Fault Information,Custom,3884,96760,7,{34EA7C34-0176-471a-9FB2-D28A3199FD0C},
5098,GSED3.07-Navigation - Menu,Custom,3884,96759,10,{6DBDBD63-7088-49c4-9E67-C7C256A1E119},
5099,GSED3.08-Battery Information Visibility,Custom,3884,96766,6,{3A9B73CC-581F-4846-9B59-418810207C12},
5094,GSED3.03-Charger State Identification,Custom,3884,96784,6,{FDCC08AF-6D59-43a8-B3D1-7C54DAA40726},
5095,GSED3.04-Operational Metrics Visibility,Custom,3884,96762,9,{EC08758C-EF7F-4eef-93B7-1771C1BF3F59},
5096,GSED3.05-Charging Mode Visibility,Custom,3884,96761,5,{87CBDCC0-A4B2-482f-8A8D-C99C1DC451B5},
5091,GSED3- HMI Visibility and Interaction,Custom,3884,96756,12,{3FDF09CD-9598-4410-B069-67D8F5DC7486},
5092,GSED3.01-Simultaneous Dual-Port Status Visibility,Custom,3884,96757,6,{711520AC-6379-42ca-B6E8-34E9BE0220B6},
5093,GSED3.02-Independent Port Selection and Controls,Custom,3884,96783,9,{3BED98E0-E40D-4dbe-B45D-7D900DDE7166},
5088,GSED2.16-Backwards Compatibility and Retrofitting,Custom,3884,96726,5,{1A824E86-C6AD-4797-A299-66A4BBFCA572},
5089,GSED2.17-HMI - Modular Serviceability,Custom,3884,96727,8,{F286FF4A-71E0-4ec6-AC77-1F458ED8C35C},
5090,GSED2.18-Preservation of Existing Charging Behavior,Custom,3884,96725,7,{C49A5A91-D9AD-4fbd-9F75-F73247B56A23},
5085,GSED2.13-Accessory Interface Preservation,Custom,3884,96698,9,{BD0DFD19-B17D-42b1-A997-251DD75DA966},
5086,GSED2.14-USB Interface I/O Communication,Custom,3884,96728,5,{D6F9896B-70AD-413f-99FD-5BE324E63342},
5087,GSED2.15-SkyLink Integration Preservation,Custom,3884,96729,4,{7B9103AE-7C1D-4fa5-A367-17482D77409C},
5082,GSED2.10-Vibration and Mechnical Durability,Custom,3884,96703,8,{D99F2A06-EE34-4261-A34D-B729F8E75C74},
5083,GSED2.11-EMI Tolerance,Custom,3884,96702,5,{64F031C3-3F3A-4dc5-8014-4B394AB58DC1},
5084,GSED2.12-Processor / HMI Rendering,Custom,3884,96699,4,{B331ED63-A8CC-4964-83A6-318760178907},
5079,GSED2.07-System Durability,Custom,3884,96706,10,{2396535E-873E-417d-A900-5513754621B7},
5080,GSED2.08-Thermal and Power Constraints,Custom,3884,96701,5,{9EE8A0A9-EBE5-4fe5-9D75-F3B7433FF0F0},
5081,GSED2.09-Operating Temperature Range Support,Custom,3884,96700,5,{5C8E3D73-D235-4bf5-B0A9-15541F6D8D0E},
5076,GSED2.04-HMI Durability - Condensation,Custom,3884,96705,5,{D5ED3B4D-13EE-4298-A311-B3D19198BC0C},
5077,GSED2.05-HMI Readability - Distance,Custom,3884,96704,7,{89081BE8-7D12-46ac-AC07-F18859F85CA4},
5078,GSED2.06-HMI - Button Interface,Custom,3884,96707,11,{1D373A22-B38C-4efc-9E8F-21EAA844FE91},
5073,GSED2-Hardware Requirements - Functional and Environmental,Custom,3884,96691,19,{6E7951EC-7EB1-40cf-B505-6515A2473D5B},
5074,GSED2.02-HMI Readability - Light,Custom,3884,96693,8,{EE77E4CF-9D06-45cc-91A9-72BF0CAEDCF2},
5075,GSED2.03-HMI Durability - UV Resistance,Custom,3884,96694,8,{BBE9E85A-9E5D-4af8-B529-9A984D939B1C},
5071,GSED1-Overview and Context,Custom,3884,96687,16,{C1B74891-D447-438c-B52F-7FB6F5309269},
5072,GSED2.01-HMI - Size and Color,Custom,3884,96692,8,{AD524C8B-39C8-4a0c-9F26-C98A159194B7},
5067,Temperature Monitor,Logical,3881,0,8,{B38D8EE6-9C0D-4017-B1A3-5F49BA32F0B7},
5068,CAN SG Port B,Logical,3882,0,8,{C5B82893-DA82-4640-8823-6FDC9455869D},
5070,GSE Display,Custom,3884,96681,7,{CF0FFCF1-7460-492e-BD12-6CCC4A176766},
5064,PCBA - PCE Update,CompositeStructure,3876,96189,70,{02085F70-E928-4689-B11E-EC1BA7C44A6B},
5065,PCBA - STM Comms,CompositeStructure,3844,96188,103,{98EDAB39-4511-4520-895C-5683F84E316F},
5066,HMI,Logical,3879,0,43,{D503E12F-58C4-421d-AA78-7214AC760CD7},
5060,PCE Update,Logical,3876,0,22,{F75F35E7-B724-4ac3-9C9D-1A43BB392956},
5062,STM Comms,Logical,3877,0,18,{A97A9641-3BB6-4730-AED9-3F37E586DE17},
5063,_Concept STM,Logical,3873,0,7,{DC416363-BF05-40f1-B34B-38492F07CD8A},
5057,PCE25 Part Changes,Logical,3568,0,41,{5FB3F68A-0E28-4da9-A8A6-921027539716},
5056,Platform PCBA,CompositeStructure,3843,96183,214,{7A66A4D5-AADA-4acc-B663-0280523FAE38},
5053,Dip Switches,Logical,3870,0,11,{3439FD69-9083-40ae-851C-A377F483B7D0},
5054,Digital Inputs,Logical,3871,0,10,{F972EF48-3C44-4ff4-A78E-12BBBE005858},
5055,On Board LEDs Platform,Logical,3872,0,7,{9615A1FA-DEB1-4607-9B66-5EA4F6968BC5},
5049,Watchdog,Logical,3866,0,12,{709A08F8-3B0C-4816-B6E7-A86B9D2E8C0B},
5050,Voltage Monitor Platform,Logical,3867,0,9,{D624C6C7-5A43-462d-8B65-D76FE885AAF3},
5051,Voltage Monitor Aux,Logical,3868,0,18,{E69833BB-3039-4564-8DB1-5B5291DB37F9},
5046,MCU,Logical,3852,0,28,{AB488909-6973-4314-A51C-6ED0231BB3C8},
5047,Flash,Logical,3864,0,14,{7A8796AE-7569-4acd-8364-874AECCBBE0E},
5048,RAM,Logical,3865,0,12,{3D5952B7-A4F9-4be4-97AD-0356660DBB84},
5043,Module Interface,Logical,3849,0,19,{F54B8059-0C7F-4e26-8751-E8247ADE4E62},
5044,Interface,Logical,3850,0,10,{0E1C8A1B-9030-4a5b-943B-384364692EAE},
5045,Reset,Logical,3851,0,12,{90AD4C26-6E05-4d5f-98A3-EFCEACEC4733},
5040,Relay Aux,Logical,3846,0,32,{72DA3389-C895-4ebd-B309-5C14217BA3C9},
5041,Voltage Regulator 12VDC Platform,Logical,3847,0,8,{99FA02B9-84D1-1C41-9DFD-B9075CAA70F7},
5042,IGBT,Logical,3848,0,11,{22B3436A-B3AB-49cc-84FC-B270EB63C4E9},
5037,Expansion,Logical,3840,0,17,{534CBB49-29AF-4137-88A7-FA43809FAF61},
5038,USB,Logical,3841,0,12,{4086A9F5-79F6-42f7-8BD2-AFEC46C00AF9},
5039,Relay Platform,Logical,3845,0,11,{97A73443-F0F6-40d6-A1A6-B088631D1D8F},
5034,JTAG Platform,Logical,3837,0,17,{47CCAC6B-5AA7-4e79-AB60-88C779B8276F},
5035,CAN SG Port A,Logical,3838,0,27,{FB491F81-ED6E-40dd-A60E-E0877D96AD66},
5036,CAN Module,Logical,3839,0,10,{877BB8C4-5A17-4f71-BFD9-8B1BEB603B3A},
5031,Voltage Regulator 12VDC Aux,Logical,3834,0,15,{DC16FC12-5B6A-4b89-99FA-02B984D11C41},
5032,Chassis Decoupling,Logical,3835,0,6,{954B8E9E-51E0-43b8-AA2C-9436319C1870},
5033,TAG,Logical,3836,0,24,{43C56E95-5BA8-44f4-9661-532B9B947B20},
5028,Voltage Reference,Logical,3831,0,19,{2EB66744-795A-429d-A87F-28694B6BEF2D},
5029,Voltage Regulator 3.3VDC,Logical,3832,0,13,{AF0652D8-309E-43c5-A548-BEAED7AB3122},
5030,Voltage Regulator 5VDC,Logical,3833,0,13,{B302C346-5F4B-4f00-AB42-B07367D0D9C5},
5025,PCBA - Aux Power,Logical,3862,0,12,{6C5C1698-581F-4811-8C72-887C76B4AEDB},
5026,PCBA - PCE25 Controller,CompositeStructure,3711,91788,68,{81029EBA-4FD2-41c8-A63D-52FB7DA136F4},
5027,Pilot,Logical,3830,0,20,{97372FA9-1C68-4340-8683-A7885986F528},
5023,PCBA - Aux Internal Interface,Logical,3861,0,20,{3CB14568-FD7D-4d61-BC14-A61D388224EA},
5024,PCBA - Platform Power,Logical,3855,0,20,{D18F112B-0895-4590-A299-C2ACEC48E237},
5021,PCBA - Platform HMI,Logical,3856,0,14,{5CC83CA7-CB39-4737-997B-A80B9AC29A98},
5022,PCBA - Platform Internal Interface,Logical,3857,0,12,{BF17E201-03B8-4710-92B3-3FEB8AAD2518},
5019,PCBA - Platform External Interfaces,Logical,3854,0,29,{76D7D331-EA51-4918-A16C-4E631FFDA326},
5020,PCBA - Comms HMI,Logical,3844,0,20,{F192DA97-D098-4fa4-8878-F856D7AAE1E3},
5017,PCBA - Comms Control,Logical,3891,0,17,{89CD2CA4-8F5E-4c45-932A-3AF4E55F5D91},
5018,PCBA - Aux External Interfaces,Logical,3863,0,22,{F757D4C9-9633-489a-AD78-749C79395372},
5015,PCBA - Aux Control,Logical,3858,0,12,{6FBEF1A3-2C6C-45d1-914D-648ABA4DC701},
5016,PCBA - Platform Control,Logical,3853,0,28,{57460611-CC10-413e-897C-2998163D99FB},
5013,PCBA - Comms Internal Interface,Logical,3902,0,14,{36573934-2FD4-4714-BB6F-2EBC10772F7D},
5014,PCBA - Comms External Interfaces,Logical,3894,0,25,{17F22ACB-462B-46fa-9C3F-8CFA65B9CAF3},
5011,PCE25 Controller Power,Logical,3880,0,15,{E82A9136-6C78-42cb-B815-0E5409E2CC42},
5012,PCBA - Comms Power,Logical,3844,0,7,{10E1F417-A7D1-4faf-940D-310BD8556CE7},
5008,PCE25 Controller External Interface,Logical,3880,0,21,{4E974EDB-7103-4f18-9E7B-5ADE9EAB7621},
5009,PCE25 Controller HMI,Logical,3880,0,10,{3B009CEA-82F9-4c65-B62C-3B235485C180},
5010,PCE25 Controller Internal Interface,Logical,3880,0,7,{7DB0B29A-2D93-432f-B5D5-DC034C671F4F},
5006,PCBA - Aux HMI,Logical,3860,0,15,{A95D318C-B1BB-468c-BB8E-9408E370B457},
5007,PCE25 Controller Control,Logical,3880,0,12,{3D8060A7-75F9-4c74-8340-748F3798CCAE},
5002,Update Software - WiFi,Custom,3956,32862,18,{860390DA-388B-4857-A013-0169CA8277FD},
5005,Platform Controller Sandbox,Logical,3829,0,1,{D3DC98B3-CD5E-4836-9526-2387E254FC9A},
4999,PCE25 Controller Control,Logical,3796,0,13,{356DF434-0AEA-4d5a-8460-78B780B0CA74},
5000,PCE25 Controller HMI,Logical,3796,0,11,{EBDFA808-D5DC-42ee-901D-5DF424C49111},
5001,PCE25 Controller Structure Sandbox,Logical,3796,0,1,{844A1AC1-600C-4cb6-A1C8-997B385F6909},
4997,Serviceability Sandbox,Custom,3448,0,23,{554D3CA0-12FA-412f-9DC0-20E6529FF529},
4998,PCE25 Controller Internal Interface,Logical,3796,0,8,{BA81A20A-9BE0-457a-AE40-2E74E61C8363},
4995,Circuit - USB-C CTRL PCE25,Custom,3841,93622,7,{7FA72291-3A79-459d-8FC9-655D9B14969E},
4996,Circuit - USB-C Comm PCE25,Custom,3897,94252,3,{215A20B5-A0B4-40d3-ABC7-155FE57B7842},
4992,Communicate via CAN,Activity,3952,32744,6,{25DF002F-D09E-45b9-9475-BC5BBD54897D},
4994,Manage Energy Consumption,Custom,3954,23010,24,{19B3DD8A-46A6-49d0-962B-5CC9A3CFD72F},
4989,Ramprunner,Custom,3820,0,18,{865269FC-6995-A174-B993-02727AFF3050},
4990,Marking - Ramprunner,Logical,3819,0,5,{AF84BAB6-E207-7847-82F0-9658A61FCA60},
4991,IPC Validation,Custom,3397,0,4,{447202F5-1985-49bf-BA4C-234DCA94DC5F},
4986,Cable ASM - LED Ramprunner,Logical,3822,0,7,{8C59C0DB-7B7D-9E1B-AF24-87782ECBED90},
4987,Cable ASM - PWR Ramprunner,Logical,3821,0,6,{A89C0108-F30B-F7E2-9899-806266ED6917},
4988,Ramprunner,Logical,3820,0,9,{A38D7AED-813C-045E-88F2-1D9986097972},
4983,Cable ASM - CTRL Ramprunner,Logical,3825,0,12,{86ACB0CE-B4BD-931C-AE68-5C4CBED6CEDD},
4984,Cable ASM - DC Sense Ramprunner,Logical,3824,0,6,{84E4135F-EF51-A0D8-B614-08B04FF805FC},
4985,Cable ASM - Interface Ramprunner,Logical,3823,0,14,{AB7A0C2C-B6F3-C3E9-816B-5DB3BC1D3E4A},
4979,Ramprunner,CompositeStructure,3816,95542,76,{9778CCEC-74C5-F3BE-AA3F-0CB658AFE79F},
4980,Ramprunner,Custom,3816,0,9,{A7D89F29-AFF0-AA20-B5E7-B95DD8C5777F},
4982,Cable ASM - CEC Ramprunner,Logical,3826,0,6,{B44919E2-947D-F565-8F39-7A66432A097C},
4977,Circuit - Stack Light PCE25,Custom,3932,94968,43,{92705473-FD77-40b1-BFC3-397EE029CCE8},
4978,Ramprunner Structure,Logical,3816,0,16,{BB78AC47-D98B-638B-9FF4-0F48368BCE9F},
4975,Control Output Power,Custom,3954,65576,19,{168A4809-0BA8-476b-9729-45B4952E1793},
4976,Circuit - Remote HMI PCE25,Custom,3926,94967,17,{467A3E9B-C9B0-42ec-BA65-6C9AC6AE47F2},
4974,PCE25 Energy Management,Use Case,3557,94894,40,{58DDA70F-62C9-4755-9471-4708911AC067},
4972,Update Software,Custom,3956,23059,48,{822EFE3D-A6A4-48da-B5BD-4F9F32A94B08},
4969,Circuit - CAN TXRX PCE25,Custom,3905,94996,21,{C8A54ECC-FBB0-4e5b-9832-C1ADA6A82D3E},
4971,Circuit - Pilot IPC PCE25,Custom,3830,91837,13,{869E1260-65D5-4dad-96AD-4A3CE8F29A76},
4967,SW PCE25 Communicate via OCPP,Custom,3799,0,7,{4AD8F7ED-62AC-44d7-B1CE-E050B1102EED},
4968,PCBA - PCE25 Controller Sidecar P4,CompositeStructure,3711,91788,16,{0D4479A7-2EAE-45c5-92B5-38C28E85C40B},
4965,SW PCE25 Communicate via BLE,Custom,3799,0,13,{7F40EA60-3A6C-45b3-9F9D-E72359747BDD},
4966,SW PCE25 Communicate via LoRaWAN,Custom,3799,0,6,{9AA79ABC-4369-45d4-AD17-3D6D005EEABA},
4963,PVS,Custom,3805,0,12,{968D4D64-6B3A-4e53-A7D8-9F29AFF0AA20},
4964,PVS,Custom,3814,0,18,{093250DE-CAF1-400d-8652-69FC6995A174},
4958,PVS,Logical,3814,0,9,{E74831A2-8A91-455e-A38D-7AED813C045E},
4960,Marking - PVS,Logical,3815,0,19,{2344EDB0-730C-4477-AF84-BAB6E2077847},
4955,Cable ASM - Interface PVS,Logical,3811,0,14,{E03C588C-8252-467c-AB7A-0C2CB6F3C3E9},
4956,Cable ASM - LED PVS,Logical,3812,0,7,{E3A48CEA-351E-479c-8C59-C0DB7B7D9E1B},
4957,Cable ASM - PWR PVS,Logical,3813,0,6,{79C48D52-DE9B-45c7-A89C-0108F30BF7E2},
4952,Cable ASM - CEC PVS,Logical,3808,0,6,{9DA9255B-5048-4fd5-B449-19E2947DF565},
4953,Cable ASM - CTRL PVS,Logical,3809,0,12,{A55F318C-9369-4db5-86AC-B0CEB4BD931C},
4954,Cable ASM - DC Sense PVS,Logical,3810,0,6,{B259E7F8-63A3-49ab-84E4-135FEF51A0D8},
4948,PVS Variants,Logical,3807,0,20,{C53ED76A-E85F-45ca-937A-2C108BC648AB},
4949,PVS Structure,Logical,3805,0,16,{8343ED05-AD49-4ca9-BB78-AC47D98B638B},
4951,PVS,CompositeStructure,3805,95128,76,{DB1AED8B-A5F2-458c-9778-CCEC74C5F3BE},
4945,Circuit - Ethernet PCE25,Custom,3796,91854,26,{C4D59E2B-2618-44fb-8365-11C603710A4D},
4946,PosiConnect App,Custom,3457,0,14,{912FAAB1-169C-403a-8E36-872E9E17D1D7},
4943,PCE25 Controller Power,Logical,3796,0,13,{85773F45-11AB-4fc4-8CB3-BB0532A5C0A1},
4944,Circuit - Cellular Quectel BG95 M3 PCE25,Custom,3901,94219,31,{0BB107A0-DA84-4e48-8338-6C7B7FD2A58E},
4939,Circuit - Voltage Monitor AC CTRL PCE25,Logical,3867,94251,21,{1778754F-E788-4b58-B37B-5712F2B29511},
4940,Circuit - Voltage Monitor DC CTRL PCE25 Int,Custom,3783,94040,11,{E6EAC416-721E-4a89-995D-63F47E76CA0A},
4937,PCE25 Controller Design,Custom,3789,0,12,{6A42639D-D8AE-48b2-A8A9-552AEE6E2103},
4938,Circuit - Voltage Monitor AC CTRL PCE25,Custom,3867,94251,20,{06D9A5EA-AEB5-44fb-A3F5-E9E15C4049F4},
4934,Control Charge,Activity,3956,91357,7,{E748BD2E-2B46-4930-A297-95C75DD4086E},
4935,PCBA - PCE25 Controller Power,CompositeStructure,3711,91788,1,{F4FAB10C-B127-4460-BC42-6C2422E189B5},
4936,Circuitry - LV,CompositeStructure,2754,27235,8,{B6FE2028-42B8-427f-8748-BD56F33AB711},
4932,Circuit - ESP32 C6 PCE25 WiFi,Custom,3796,91855,10,{DC45D4FE-F458-42cd-A7A8-73F437CB3DF1},
4933,Circuit - ESP32 C6 PCE25 Thread,Custom,3796,91855,3,{C2675EDF-141E-43f3-8C26-3CD254DF7A08},
4930,Ethernet Interface,Custom,3555,27374,25,{5EF05474-EDE3-443b-9A38-26DDEB03A197},
4931,Circuit - ESP32 C6 PCE25 BLE,Custom,3796,91855,11,{E9E0CB27-EAE4-435f-A964-DF0CF6FCA9F5},
4929,SW PCE25 Communicate via CAN,Custom,3799,0,72,{8DAE718D-FF25-49d3-8ED7-728052574CCE},
4926,SW PCE25 Communicate Diagnostic Log,Custom,3802,0,21,{48EFA6AC-2F92-41d7-A713-F6B2BADA1DFA},
4927,PCE25 Logs,Use Case,3557,94894,0,{D07897CF-387C-4517-80EB-282F9FA87663},
4928,SW PCE25 Communicate Daily Log,Custom,3802,0,6,{CA92B4D5-BC60-47d3-85E5-D08951F6EFBF},
4925,SW PCE25 Communicate Fault Log,Custom,3802,0,35,{8EF9D3DC-9465-4b89-A1B6-1260F018A197},
4924,SW PCE25 Communicate BMID Log,Custom,3802,0,23,{56B755F4-D807-4c66-AF18-B7578BA99F2B},
4922,PCBA - PCE25 Interface,Logical,3801,0,5,{96161B62-8D73-4a39-A3FC-1476906F7D0F},
4923,SW PCE25 Communicate Event Log,Custom,3802,0,20,{43CFF927-C99A-4326-A807-BF596E9B46A8},
4919,Load Management Steps,Activity,3954,65528,26,{028EF8EC-575F-446d-9022-87D3EABFAA13},
4920,Communicate to cloud,Activity,3952,81409,7,{415B37FD-942B-4856-BF0D-DBB4F1B93EC6},
4921,PCBA - PCE25 CAN Termination,Logical,3800,0,10,{27C43C8F-95AE-4e2f-8D1E-A124BD86F400},
4917,PCE25 Configuration,Use Case,3557,94894,27,{30C9907F-E19A-470e-A563-F03DB8351BBA},
4918,PCE25 Firmware Update,Use Case,3557,94894,18,{C70AE748-20C8-4365-8D0A-6EE7B6379207},
4916,PCE25 Load Management,Use Case,3557,94894,43,{38914B0D-CE98-4826-8EDC-9E740C0E24F4},
4913,SW PCE25 Communicate via UART,Custom,3799,0,19,{DC954F3D-B323-4d9c-8467-418656F860AD},
4914,SW PCE25 Communicate Logs,Custom,3802,0,18,{91834050-4D90-4d9d-8644-3E30560F78C1},
4911,SW PCE25 Access Internet,Custom,3795,0,9,{8EF4A576-516B-4b48-92DA-3F629B51DEB5},
4912,SW PCE25 Third Party Digital,Custom,3795,0,6,{C2AFCCD1-2CA8-4ad5-9EFA-3C010E3067BE},
4909,SW PCE25 Offline Data,Custom,3795,0,6,{BB117454-7AB3-4a8d-A7D3-2C8103A7A5B5},
4910,SW PCE25 Communicate Charger to Server,Custom,3795,0,14,{83C6BEB4-707B-49da-8DAD-5CC269E0FB9D},
4906,SW PCE25 Remote Diagnostics,Custom,3795,0,9,{FDF70337-0F6C-4301-8E59-A063930F263C},
4907,SW PCE25 Communicate Event Data,Custom,3795,0,8,{29F3E418-D76C-4026-B13E-D27E93FB75D6},
4903,PosiGuard SunLight,Use Case,3794,0,1,{45B93D3B-D90A-460c-B7FD-53E6D8FBD7F7},
4905,SW PCE25 Communicate with Cloud,Custom,3795,0,10,{0EE3D8A0-68A3-4554-9E28-A66528A133F9},
4901,PosiGuard Sunlight Comms,Custom,3794,0,17,{369626D7-9400-4a01-88C0-FFCCF48E3F5A},
4902,PosiGuard SunLight Design,Custom,3794,0,18,{A0615998-A382-4fc3-9473-D733C30874A9},
4899,Accept user input to configure product installer,Custom,3952,81265,10,{601540D3-24E5-4fee-96FE-F8C89244A1BA},
4900,PosiGuard SunLight,Logical,3794,0,17,{E96ED739-2868-4554-BD85-05B4159C57EA},
4898,Access the Internet,Custom,3952,22856,47,{3253D1F7-027C-4d58-A2FB-66803FFA9791},
4897,PCBA - PCE25 Controller Sidecar,CompositeStructure,3711,91788,26,{E7EE7A88-FF51-4793-BD7B-4D7B61E4E5DB},
4894,PCBA - PCE25 Power Context,CompositeStructure,3783,94225,14,{BD708E4B-542E-4804-951B-0E4A2A4F8C71},
4895,PCBA - PCE25 Power,CompositeStructure,3779,91787,83,{433EE109-7797-4184-BE80-76B8D16924D9},
4896,PCE25 Comms Concept,Logical,3790,0,17,{19F3926A-59E4-4c1f-B439-907BDDAB885E},
4892,MHE Comms Controller Notes,Custom,3787,0,58,{BFDE54FF-FA04-4622-8A0A-3797904F76FB},
4893,PCBA - PCE25 Context,Logical,3783,0,8,{BB62F8F6-082E-4c8f-B51B-5EDB6E151895},
4891,ESP32 Design,Custom,3789,0,13,{CBE4DBDD-EC41-4f83-AEB1-47166270AD71},
4890,PCE25 Controller Design,Custom,3789,0,56,{F22EF0F4-35D0-4f21-BB47-F944835853F5},
4888,PosiConnect Cloud,Custom,3756,0,6,{DA26B4CD-BCBA-43e3-8FCB-134F42D53A31},
4889,SW PCE25 Load Management,Custom,3788,0,12,{8982A24A-A222-424d-8670-B123F65C2628},
4886,SW PCE25 Comms Status,Custom,3788,0,19,{FA033440-561B-44c3-81AC-1D000483B97E},
4887,SW PCE25 Comms Digital,Custom,3795,0,14,{6CA16C90-964B-4304-A097-4A65F7035C37},
4885,SW PCE25 Comms User,Custom,3788,0,35,{2B959741-7F5C-4856-A168-C60B3D257064},
4884,SW PCE25 Comms External,Custom,3788,0,17,{AEEBF940-734E-4e11-9434-C17F81276EE1},
4883,SW PCE25 Comms Tech,Custom,3799,0,27,{7E2D2BCE-6DD3-418d-B3C8-87578AB57513},
4882,SW PCE25 Ops Charge,Custom,3788,0,24,{39BAE473-5A3D-4c3a-92C9-9B113514AE36},
4881,SW PCE25 Energy,Custom,3788,0,30,{5BEE828D-2FF6-4c4b-98B4-81AD590969B1},
4880,SW PCE25 Monitor,Custom,3788,0,25,{2895D803-58E0-4367-8F3E-3D553994F4EE},
4879,SW PCE25 Data,Custom,3788,0,34,{6BA16424-6E74-4386-BB5D-3DC96F7EFDAF},
4878,PCE25 Add-On Kit,Custom,3784,0,16,{3756BF0A-3A40-4ad3-BCF8-B03ED991BB23},
4877,SW PCE25 Design,Custom,3788,0,27,{62169BE4-06F0-45be-B720-7E0A2CB7040F},
4876,SW PCE25 Comms HW,Custom,3788,0,17,{77AA2E29-F081-42a3-854C-9461E2672315},
4875,SW PCE25 Ops Sys,Custom,3788,0,41,{FA233F3B-BF41-454e-8CE0-E56D76A2D398},
4873,Manufacturing and EOL,Custom,3772,93538,14,{3B3B79D8-2866-4fb4-A61E-8DD5816A0134},
4874,Secure Provisioning and Identification,Custom,3772,93478,14,{F2912738-6DF4-421d-933E-C5DAAF374AD4},
4871,Time of Use and Operational Control,Custom,3772,93519,14,{317CEB38-44E9-4413-8D8A-788890715F2E},
4872,Utility/Facility Load Signal Responsiveness,Custom,3772,93469,14,{F3657FC2-075E-4cae-B00F-3A93BF6F9C10},
4869,Priority and Rule-Based Charging,Custom,3772,93543,18,{70C2942B-A8D0-4f1f-BAC9-D076991701A7},
4870,Third-Party Energy Management Integration,Custom,3772,93495,15,{2EB95B92-6D05-4ac6-9182-C82BF0498E09},
4867,Load Management Control Architecture,Custom,3772,93515,20,{EC5B344E-73E5-4fe1-ACC6-8B56F67C8472},
4868,Load Policy Configuration & Ownership,Custom,3772,93490,14,{33310DA0-42D8-4c28-AF3A-BD8C2F29975B},
4865,External Meter Communication Frequency,Custom,3772,93482,26,{1C349753-F609-4427-A047-06C1B577EF58},
4866,Fail-Safe and Reduced Operation - Load Management,Custom,3772,93517,13,{19050B19-B874-48e1-8A74-DEB69ED00E6A},
4862,Field Diagnostics,Custom,3772,93474,13,{CE62AD44-7A20-430e-BEF8-A0A0C2FBD698},
4863,Posiguard Design,Custom,3731,0,0,{EFC374F8-AB18-44fc-AA7C-D2A8598EDAAC},
4864,PosiLink Navitas,Custom,3145,0,10,{CAB01E61-9A65-4e5c-AA0D-A165B0468258},
4859,Common Communications,Logical,3786,0,8,{10232E55-8606-46b0-9754-F20B3AF65A87},
4861,External Meter Communication and Facility Aware Power-Consumption,Custom,3772,93540,21,{83AFA1C5-1A38-47e0-9449-F951443A0AB7},
4856,Navitas Wiring Harness,Logical,3785,0,21,{4F8F9306-47CC-4ab1-BAA0-A706623C04EE},
4858,Cable ASM - Navitas 6 pin Context,CompositeStructure,3785,94144,50,{559BDBC9-821D-432b-8BC4-ABC27E2C4104},
4853,Installer Commissioning,Custom,3772,93539,15,{9379CD53-54E9-4fb5-8E64-DCEF2CEE5C79},
4854,Remote Fault Surfacing,Custom,3772,93499,14,{A49C5BA5-17B8-4ecd-9DFB-60359CFD091A},
4850,PCBA - PCE25 Structure,Custom,3783,0,39,{3A42DB84-A1E8-4b07-81D2-BA27B858363C},
4851,PCE25 Smart Stack,Logical,3774,0,7,{8FDDE9B0-DB2D-4e82-A09C-C5F2C8A4E470},
4847,PCE25 Stacked Structure,Logical,3780,0,3,{8DB9A13B-E6E5-4de9-B047-4227FD927844},
4848,PosiGuard,Use Case,3793,0,23,{206B6D86-6283-4e69-8548-8E1259B548FD},
4849,PCBA - PCE25 Power Concepts,Logical,3781,0,10,{ECA9C22A-24B6-4be4-BC1E-1792153D097E},
4845,PCBA - PCE25 Power,Logical,3779,0,37,{FDA47859-7AAF-4d12-86E2-235B1BCE3DEF},
4846,PCBA - PCE25 Power Terminal Block,Custom,3783,0,24,{8CCA2148-FBA8-405c-84D0-0BC16355CEB8},
4842,Factory and Field Install Support,Custom,3772,93523,17,{ED0707C8-E7C2-418f-A097-0996BE8367B9},
4844,Enclosure Main ASM PCE EE,Custom,3776,0,13,{53F01957-B966-438d-AF93-600B647E47DC},
4840,PosiConnect Cloud Lists,Logical,3756,0,8,{DDDB0137-A2BA-4f6e-A462-DBB6DA914BE3},
4841,Diagnostics - Mobile App,Custom,3772,93492,25,{D7B8297A-C7C8-469e-A797-DADAA1417AF0},
4838,Diagnostics - External Device Logs,Custom,3772,93506,14,{68A2C445-6476-4879-A542-1234E2DAA275},
4839,Diagnostics - Laptop,Custom,3772,93518,24,{46E2BE9A-A117-4cf4-AB32-06D659D1676C},
4836,Backwards Compatibility with Existing Systems,Custom,3772,93548,14,{2EBBCB7B-1780-4f51-BE0A-786E15A3E1EA},
4837,Diagnostics - Communications Logs,Custom,3772,93532,18,{1DA823D2-404F-4548-96B7-F502CEFE0F7D},
4834,Secure Telemetry Transmission,Custom,3772,93497,11,{CBED6417-E4C7-4b09-B973-BE2ED684F587},
4835,Security Maintainability,Custom,3772,93521,17,{797272F6-A605-487c-8D9F-83ACD0529498},
4832,Device and Network Security,Custom,3772,93493,11,{46B43827-39F0-46e8-B715-4CEE8C56B2A4},
4833,Intuitive Network Configuration Process,Custom,3772,93516,19,{07F9A5C5-6A2C-4a36-BB41-FD5F54D2898A},
4830,API Data Access,Custom,3772,93510,12,{9991A8BA-DBC3-4209-9161-1EF483FA6C33},
4831,Data Isolation and Authorization,Custom,3772,93533,16,{9AFB85F1-293F-4d6f-8F44-BB096E357D3F},
4828,"Time, Configuration, and Sync",Custom,3772,93512,15,{22A2A768-C774-4019-BCF8-E6F38E2C8E2A},
4829,Unified Portal Compatibility,Custom,3772,93511,16,{6C45624B-4A79-48c8-8832-60DC989DC690},
4826,Session-Based & Periodic Data Uploads (Batched),Custom,3772,93471,14,{A198375A-444E-47a2-8680-F07ED6012F42},
4827,Support for CAN Communication,Custom,3772,93513,8,{DBBA535C-2DBD-4575-B6FC-EFE0FC832AD7},
4823,Telemetry Frequency and Refresh,Custom,3772,93534,16,{E844ACBF-BD01-41a4-8AA0-70D92A437602},
4824,Communicate via GBT CAN,Sequence,3952,93963,0,{32A5AE8C-591E-4acb-8666-3ADF6CEA3F30},
4825,Communicate via GBT CAN,Activity,3952,93963,13,{D28AC882-0225-4be2-B367-119686241464},
4821,Remote Communication & Command Enablement,Custom,3772,93542,17,{499850EB-A621-4073-ACBA-765F90D78503},
4822,MHE Comms Controller Engineering,Custom,3772,0,3,{0BFC84E3-F48B-4409-8F14-5E18EA839150},
4819,OTA Enablement,Custom,3772,93528,13,{4F09670B-5900-4c70-90F5-FC74EA64EB10},
4820,Primary Backhaul Connectivity (Cloud Communication),Custom,3772,93472,25,{6C995A4F-D265-4e50-BE96-1E6C18841DF5},
4817,OTA - Scalability and Deployment,Custom,3772,93544,10,{DB8A7F7D-CBA9-400b-82DB-C74336201AC6},
4818,OTA - Software Versioning & Rollback Capabilities,Custom,3772,93480,12,{2D4EDBF6-08DE-4984-93BC-487A9D4A9803},
4815,OTA - Offline and Intermittent Connectivity Handling,Custom,3772,93535,10,{D17D1841-5C73-456c-8A87-EF11A1B08F80},
4816,ProCore Edge DV add-in,Custom,3700,0,9,{5CD90AD9-107D-46e1-A996-13652D11AC3A},
4813,OTA - Bandwidth and Data Plan Awareness,Custom,3772,93473,10,{DFD992DD-85DE-42cf-B6E3-D47F486A6EDF},
4814,OTA - Centralized Control and Authorization,Custom,3772,93522,12,{4F5A4D64-2809-4caa-BD1D-798B7F313C9B},
4811,Log and Diagnostic File Syncing,Custom,3772,93500,17,{B97EDEC3-53BB-4d18-ADE8-294FFB8B8322},
4812,Offline Resilience,Custom,3772,93504,10,{CAE97941-3256-4688-9095-E6DDF548F683},
4809,Enclosure Door ASM - PCE25,Logical,3777,0,14,{4C752E8F-654E-438b-A0B0-E598EB87E430},
4810,PCE25 Module Variants,Logical,3706,0,6,{033C7B02-8D80-470f-AF83-FEF331461D87},
4806,PCE25 Stacked - Single Port,CompositeStructure,3774,93751,4,{BBDEB298-31DF-487b-BEDA-914491E9B6CE},
4807,Enclosure ASM - PCE25,Logical,3748,0,7,{45215BA8-C8AD-42dd-8045-9296397591A7},
4808,Enclosure Main ASM PCE,Logical,3776,0,22,{2AA9938E-3D00-42fc-B80D-A0FA199838AA},
4801,Enclosure - Door - PCE25,CompositeStructure,3777,92196,27,{90B3A7DC-1426-4bbc-A859-7282D74F7348},
4802,Enclosure ASM - Main PCE25,CompositeStructure,3748,92195,24,{D82C1474-2DF9-4e18-AE59-6D672AB79444},
4805,Enclosure Main ASM - PCE25,CompositeStructure,3776,84777,21,{8B210205-5DEF-4031-BFAB-ABA370D21BF4},
4797,Local Interaction and Service Connectivity,Custom,3772,93501,21,{272ECF8C-FD1A-4c54-930A-397BF8E038D3},
4798,PCE25 Stacked,Logical,3774,0,26,{140BB887-EAE6-47a5-BA78-4EC8FB91ED31},
4800,Charger Enclosure Design,Custom,1125,0,66,{154E766F-DD38-4be1-A0FE-DBB42BA31288},
4795,Communicate Logs,Custom,3952,65560,8,{ECA012E0-908F-42d0-B30D-89766D8746C5},
4796,EMI/Noise and Signal Integrity,Custom,3772,93475,13,{8363F71F-EED8-4b69-9397-1299CC26FE75},
4793,On-Demand Status/Data Refresh,Custom,3772,93487,20,{51623FC8-356C-4177-A719-52BEB0AE470A},
4794,PosiConnect Compute Layer,Custom,3758,0,19,{E979803C-63D3-4488-BB83-623046D7B025},
4791,Immediate / Near-Real-Time Transmission (Event-Driven),Custom,3772,93481,14,{88101F44-88DA-4cdd-8B46-892EF838B32B},
4792,Local App Access,Custom,3772,93529,18,{941DB195-3E69-4847-A3B8-8140DEB54BFB},
4789,Fault Detection - Diagnostic Capture,Custom,3772,93491,17,{CF49F8CF-1BFA-4848-83AC-1D65D235EC88},
4790,"Fault Detection, Reporting & Diagnostic Enablement",Custom,3772,93503,23,{338DBA7E-825A-49db-9113-1BD08CC24F04},
4787,Auxiliary Comms / Low-Power Device Networking (Non-OCPP),Custom,3772,93494,10,{BDB621D4-AD78-435c-9A49-9CDB780ABC41},
4788,"Device Identity, Authentication & Ownership Enablement",Custom,3772,93524,16,{1DC27E6E-427E-4634-B82F-D142D462E783},
4785,Geographic Deployment Support,Custom,3772,93502,23,{3B02A1FD-F55C-4925-9AF0-FA45B94BB81B},
4786,Timing,Custom,3772,93470,3,{ED5DBE78-65A3-445d-8305-3AB5A0C1FD91},
4783,Accessory and Display Compatibility,Custom,3772,93541,20,{2AFEDDEF-8440-4ea1-863F-C23D06AEC6B1},
4784,Costing,Custom,3772,93484,11,{39F2E4E4-726A-49df-BF22-BB9BB073CC91},
4781,"Processing, Memory, and Headroom",Custom,3772,93527,36,{74A95FE6-A65C-4381-B48E-75AE737D8D59},
4779,Power Budget and Thermal Impact,Custom,3772,93479,24,{A1945DB9-52B6-424d-875E-A2D87EB63734},
4780,Protect against Voltage Transient,Custom,3954,28976,22,{87EEE771-212D-4198-9787-170983AE1B17},
4777,Backwards Compatibility and Interface Preservation - Interfaces,Custom,3772,93525,19,{E42DF713-9896-43f4-84B4-8A35A3BBBCC9},
4778,Operational Independence of Control and Comms,Custom,3772,93536,18,{A8B384F5-8335-414f-A2BD-C4FB5CEE692E},
4775,Backwards Compatibility and Interface Preservation - BMID,Custom,3772,93525,25,{43DF2E40-33E0-4669-86AF-1982E5AD0233},
4773,Device Ownership and Reassignment,Custom,3772,93483,24,{54937CC6-00EC-4ac2-A0AC-4AA470CA5187},
4774,Site Power Capping,Custom,3772,93526,17,{724500EB-C01E-4838-9839-714FE43A3307},
4771,OCPP Enablement,Custom,3772,93505,19,{35935125-7ECE-4931-BFEE-BB0DF38EC141},
4772,Support for Power Designers and PosiCharge Chargers,Custom,3772,93496,11,{80FD737D-B31F-4007-8468-0E68A38220DD},
4768,"Manufacturing, Test, and EOL Enablement",Custom,3772,93545,3,{297F6E00-965C-419b-A1E9-619000FFFA8B},
4769,Reviews and Approvals,Custom,3772,93498,1,{EED389DD-9A02-4033-9BAE-C9F2737E3867},
4770,PCE25 Controller External Interface,Logical,3796,0,21,{456C85D9-47CC-48ec-BA4E-E602C25D5A6D},
4765,"Connectivity, Interoperability, and Local Interaction",Custom,3772,93485,25,{748BD5D8-733B-4baa-B4C4-B5C72A6FFE4B},
4766,"Data, Security, and API Enablement",Custom,3772,93476,7,{166F42A5-CF43-489d-AFC6-F092D2F0D54A},
4767,"Installation, Ownership, Serviceability",Custom,3772,93530,11,{45B644B8-A8C9-4b6a-BCE1-7D52AAE3DCF7},
4763,Perform Load Management,Custom,3954,65528,19,{E089E1D8-31C5-462c-99EB-C4EFDC4F75AB},
4764,Commercial and Platform Alignment,Custom,3772,93547,5,{F754AF66-2009-4e4b-8E08-7ACA8ED4D476},
4762,Charger Coordination,Custom,3772,93508,21,{46832788-1A25-4049-8A84-5A1F5AF0403A},
4760,Backwards Compatibility and Interface Preservation - CAN/SG,Custom,3772,93525,23,{BB4BA9A6-DEF7-4f99-9D76-ADF9F368D9EF},
4761,Load/Energy Management,Custom,3772,93489,12,{79CDEF0E-EC62-4bf9-B3C3-CFFE2597418F},
4758,Architecture and Resource Constraints,Custom,3772,93509,8,{615B35CF-AD48-444f-81F7-DBBB2DC97BC0},
4759,Active Connection Indication - HMI,Custom,3772,93549,16,{D60FEE90-F78D-47b9-958E-C3CB3C6DE252},
4755,PosiConnect Portal,Use Case,3757,0,9,{ECF2A30A-09E0-4f77-98AF-0DF9411B1A08},
4756,Charger Outdoor,Use Case,3951,0,3,{ABC28F10-9688-465c-824C-336A41930C64},
4757,1.1 Context,Custom,3772,93477,15,{1C7F6AB1-554F-4e2c-9E8C-927864C1AC63},
4753,MHE Comms Controller,Custom,3772,93599,11,{90A734E4-C7CA-4366-B4FF-9B41DB85F499},
4754,1.0 Overview,Custom,3772,93486,23,{DE1302BB-58ED-4883-B012-8F2081E74F73},
4751,PCE25 System,Custom,3557,0,36,{39378678-E1AD-415a-8EAB-4F32A50CFA35},
4750,Regulatory,Custom,3763,93028,51,{F22AA764-ED86-4e70-8F5C-88A7BE2895D4},
4748,Cabinet COGS Reduction,Custom,3763,93032,8,{E596A06D-99A1-45bc-9961-088D08C615C2},
4749,Regions for Sales,Custom,3763,92985,51,{EB560366-7950-4092-AE79-7504FE6E154E},
4746,Serviceable Parts,Custom,3763,93046,18,{B7FD35A5-B6C5-4947-AD5B-9D4F440BBE38},
4747,Stand Support,Custom,3763,93011,16,{89CB3A43-84DF-4d15-9942-35FBDADA7EF9},
4744,Pogo and Retractor Support,Custom,3763,93009,13,{AB25C6CC-7818-45e4-B464-322EC7E8CA8D},
4745,Remote Stop Support,Custom,3763,93074,7,{DEE674C3-6031-468e-AEFB-B7A08F4D6135},
4742,Mean Time to Repair/Replace,Custom,3763,93005,7,{A4E97617-AFF4-468e-90C8-5F0B538D2FA0},
4743,Modular Output Cable Interface,Custom,3763,93076,10,{671DAB47-E9E5-407b-A477-C365855E3C30},
4740,External Service Interface Preservation - USB Interface,Custom,3763,92990,38,{899C700D-5167-4471-A883-10D705FD36EA},
4741,Flexible Communications Configuration,Custom,3763,92994,12,{1DBF85E1-4419-4db3-A1C1-8A9D4F0DBDC1},
4739,External Sequencer Interface Support,Custom,3763,93006,32,{3D83DB60-D323-41ab-8335-45681758B58F},
4737,Accesory Compatibility Preservation,Custom,3763,93036,38,{B2479B38-D6DB-4423-9B87-6812961E6736},
4738,Advanced ConnectRX Compatibility,Custom,3763,93008,14,{D77C56C8-01BC-4105-BDEC-D587AE33E736},
4735,Ventilation Location,Custom,3763,92989,19,{91B86BAB-2EE8-48fb-BD33-67333CD524FE},
4736,Weight,Custom,3763,93100,22,{EC2FC98E-EF1A-4b14-91B9-483D6F678707},
4733,Side Exit Power Interfaces,Custom,3763,93080,33,{F522255C-09DD-40d5-8F77-02BEA1B8CD35},
4734,Simplified Assembly,Custom,3763,93007,17,{7AB014A5-7130-48d9-A494-5C58B2A798BC},
4732,Product Name Logo and Label,Custom,3763,93029,22,{A16A93DC-359A-4ed0-8F27-EA35E151966B},
4731,Product Mechanical Size,Custom,3763,93073,37,{3D7E4FFE-B4AE-4ca6-8374-D11C3DE31633},
4730,Mounting Design,Custom,3763,92988,44,{EDA6C270-C261-4777-80E2-B606954F0A34},
4729,Footprint Constrained Design,Custom,3763,93038,14,{B1FEF7FF-10C3-4a35-991F-75EBFCD2472C},
4727,Visual Consistency,Custom,3763,93075,20,{A6713D4D-3C0E-47fc-9C92-91BA559F91D6},
4728,DC Output Connection,Custom,3763,93015,36,{C96053A5-C71C-465d-88A7-BC58A4B3A227},
4726,HMI Continuity,Custom,3763,92993,35,{E259EF93-EDFC-4d25-9C31-FCFB508F92B9},
4725,Support for 12V Power Supply,Custom,3763,92982,23,{012403FF-7358-4c76-907F-ED0CA6D6282F},
4723,Modules,Custom,3763,92992,23,{4498E5AC-7891-4038-9C90-5277A08439A2},
4724,Power Range,Custom,3763,92983,17,{D1E352C7-322D-4f4b-B200-06400E58EC9B},
4722,CAN Interface,Custom,3763,93077,35,{06DD7284-DA54-4882-8786-63A754FA3775},
4720,Voltage Compensation,Custom,3763,93010,17,{5E627D71-84E9-4358-910C-780BA2191989},
4721,PowerTrak IoT,Logical,3768,0,7,{8C2F22E5-9A22-4224-B762-0FF16E2F88A1},
4718,Short Circuit,Custom,3763,93061,14,{4BB6ED4C-E9D7-4f5f-AB1F-0AE844436D90},
4719,Storage Temperature Range,Custom,3763,93078,13,{7462A245-CF84-4c18-8764-286CB020C0AC},
4716,Overvoltage/Reverse Voltage Protection,Custom,3763,93034,20,{5A70FB3A-8427-4c86-AC90-0F95021376DF},
4717,Power Loss Recovery,Custom,3763,93030,18,{6619F75A-73D6-42a0-A55E-F293DDE5A981},
4707,Commercial Requirements,Custom,3763,93033,4,{977F00CE-9558-468f-82E1-86D8E4559289},
4715,PromicaCore MRD,Custom,3763,93060,8,{5DDBB9A0-9AB2-4974-993E-5B8FD0B0FBE6},
4704,HMI,Custom,3763,92987,3,{A2617B5D-E55F-4aa5-926A-68202E14496E},
4705,"Installation, Footprint, and Physical Deployment",Custom,3763,93081,10,{71DEE6AA-481A-4c5c-9309-81266B73BCF7},
4706,"Configuration, Serviceability, and Accessory Interfaces",Custom,3763,93057,12,{A68E07D8-2549-400c-BFFE-1015850F6BFA},
4702,"Safety, Regulatory, Environmental",Custom,3763,92984,16,{4BA5C249-2C2B-4a79-8083-6DF75DEED226},
4703,"Power Range, Modularity, Functionality",Custom,3763,93062,8,{DED0B943-78C0-40cd-9485-F117A9D0FC62},
4700,Modularity,Custom,3763,93079,9,{CF0E309D-ECEB-4842-9B4D-3C85C7955D9D},
4701,"Stackable, Connectable Architecture",Custom,3763,92991,21,{EF709FE8-0548-4fb6-A4E1-47EAF524BBC2},
4699,Bluetooth-Wireless Interface,Custom,3763,93031,39,{8D3FB7A7-E7BE-4af2-B3CF-91D68FBCE011},
4698,Outdoor Capable Cabinet,Custom,3763,93027,33,{84C6791C-A9E4-4921-B35B-32363815A23F},
4696,PowerTrak Cloud,Logical,3768,0,29,{C458D875-67BC-4779-A703-C025BE3BF94D},
4697,PowerTrak Embedded,Logical,3768,0,22,{21F2BCFF-D594-48c8-B862-B7EF1FB2AC5B},
4694,Operating Temperature Range,Custom,3763,93039,35,{1D537290-D75F-4d7c-96D3-A663A219AF83},
4695,PowerTrak Notes,Custom,3768,0,28,{C9DCE557-82F2-47d3-B173-CDA8F3386C7D},
4692,Multi-Circuit Breaker Rating,Custom,3763,93014,14,{19138D24-B4D4-4e0b-9EEF-0EB54C95EFB3},
4693,Open Circuit During Charging Protection,Custom,3763,93058,14,{401BCA43-DCE8-4b92-861F-3F89A8BD4A74},
4690,Humidity,Custom,3763,92981,56,{9EB50DAC-33A8-49c2-88D1-CDB9EA65456D},
4691,Indoor Market Baseline,Custom,3763,93013,12,{89582EC5-FC07-4918-8B6C-2E2FF489132C},
4689,General Safety,Custom,3763,93059,35,{E8E3F492-2019-4897-AF8D-22B333CA446F},
4688,Electrical Isolation,Custom,3763,93026,40,{5487240C-E941-45db-9790-632660213CAC},
4687,Battery Thermal Management,Custom,3763,93035,37,{ED785932-A290-481c-ABE9-9217105305B3},
4686,Anti-Arcing Interlock,Custom,3763,92986,19,{D7C4B2A8-2172-4cd1-884C-854C4A54E7CC},
4684,Posiguard Sequence,Sequence,3731,0,4,{9A7885AF-CFF9-4d3c-8C04-14F4DBD9530E},
4685,1.0 Overview,Custom,3763,93037,21,{AEDC0DC9-DB15-4b35-B71B-61FD26566919},
4681,PlatPCBA Comms,Logical,3752,0,42,{9201C63B-85A2-4000-AFCA-B7654A2F06F2},
4682,CAN BMID,Logical,3755,0,5,{F6A9A263-B541-4f9d-8304-890ECDC732EB},
4680,PCBA - ProCore Edge Control PCTRL,Logical,3752,0,135,{580F1616-C3F7-4e58-9BA3-FAEC3FDB3C83},
4678,Circuitry - Input Protection,Logical,1035,0,30,{C240BC97-C679-410c-B7F7-5DCAA3784839},
4679,Circuitry - Input Protection PCTRL,Logical,3752,0,30,{54DC4941-FD47-40c9-8A31-210E523D0293},
4676,Circuitry - Control PCTRL,Logical,3752,0,34,{5C0E66C1-050E-4169-AD69-0561FA296010},
4677,Circuitry - Monitor PCTRL,Logical,3752,0,27,{DE6DCAD0-9235-493f-B72F-82AAAD372E03},
4674,Circuitry - Wired Comms PCTRL,Logical,3752,0,43,{8976653E-47D6-470c-B7D4-EB7082D3193A},
4675,Circuitry - Monitor,Logical,3753,0,23,{4EC8A6FF-FF61-4d48-99CF-C445B3A01428},
4673,Circuitry - Wireless Comms PCTRL,Logical,3752,0,24,{F5281400-D9A7-47c7-852F-2E10B7913B9E},
4671,Circuitry -  Power Supply,Logical,1308,0,40,{660AC298-AF06-47e0-B673-5877D7ABDD62},
4672,Circuitry -  Power Supply PCTRL,Logical,3752,0,20,{24246812-1D8C-48f8-BDEA-E9544FC8B47C},
4669,Circuitry - Switching PCTRL,Logical,3752,0,29,{167047A7-F36A-4fac-9432-96E18710F253},
4670,Circuit - Voltage Regulator PCTRL,Logical,3752,0,32,{299F2483-8484-4380-B0A4-046C0F7D9496},
4666,BMID,Logical,1191,0,10,{CD013396-F24A-4dd9-89B1-41535FFF1851},
4667,Ramprunner Context,Logical,3751,0,9,{EE6D73F7-3642-4a29-8E10-FA16F0042396},
4668,Ramprunner Context,CompositeStructure,3751,92294,33,{B9B4ED58-D494-46ff-8B79-CC1A845B7062},
4665,BMID Alerts,Use Case,1191,92277,69,{785E6563-0118-4742-98DF-60CCCF402AC1},
4664,BMID Function Communicate with Product,Custom,3750,0,15,{7673DF1B-C634-46d2-93DB-618EE68B5398},
4663,BMID Function - Communicate,Custom,3750,0,30,{12A074AE-38C8-4ef6-8493-4CF80A04CC59},
4662,Configure Posiguard for Telemetry,Custom,3793,91744,20,{437EB62F-C764-4741-81F1-A14286CCDD9E},
4659,PosiGuard Mode Steps,Use Case,3793,91707,7,{F376FB7E-ECA7-43e6-B0FE-FF4ED1C8AAD6},
4660,Configure Posiguard for Lead Acid,Use Case,3793,91742,7,{E137F742-0D5C-46fc-A7DF-7894B61EBFB9},
4661,Accept user input to configure sensors,Custom,3952,91759,12,{C126385D-9715-4087-9118-41EFD55F1DDC},
4658,BMID Function,Custom,3722,0,51,{26BFA8D6-723E-47b2-91A2-062F201616E4},
4657,BMID Design,Custom,3722,0,59,{38B9FAE2-BE6C-4945-A5EE-F852D1EB0448},
4655,Communicate via LoRaWAN,Custom,3952,34337,16,{473210D2-CD62-4c07-8CC7-6C7BD3C9518F},
4656,03 BMID Temp,Custom,1191,0,25,{438D8C82-4B49-45fd-AFA1-B297CD406B12},
4654,Design PCOM 1.0 High Level Comms,Custom,3696,0,30,{5AB09A1A-C57F-42f6-A1BC-8C538E721E6C},
4653,Design PCOM 1.0 High Level Function,Custom,3696,0,27,{131061C0-138A-4204-BF3F-6DD8DB750F45},
4652,Install and Configure HVPS,Custom,3533,83600,24,{89C9717C-0584-46af-AAFB-5553B1BB0581},
4651,Charge On-Road EV using HVPS,Custom,3533,83600,39,{D06097FF-2752-42f3-AFDA-9B420B70856A},
4650,Start charge automatically,Custom,3367,80971,22,{B8238311-7536-4960-9770-1D47DB525436},
4648,Display charger information,Custom,3952,82782,30,{CB158175-0353-401a-AE0D-4033779CE6DB},
4649,Connect EV to HVPS,Custom,3367,83605,17,{A749BACB-8319-47fc-BF7D-751047E1B244},
4646,Overvoltage Category,Custom,3442,84682,71,{F7DB2B77-5D1D-4fd4-BA6F-CE9F0FA7710A},
4647,PCE25,Logical,3557,0,21,{31B4D9CD-7E53-4e6a-8365-17C1F9E3519D},
4645,Protect Against Over Voltage,Custom,3954,22707,49,{1068B5E3-0681-46f7-A02F-5C050C4EF9B0},
4644,Operate at Voltage,Logical,3954,92147,56,{B518E5B8-87D6-42c3-8E17-E6C93A630CAD},
4643,Use Energy,Logical,3954,92145,29,{402D5C89-4B26-4a6b-90F5-D6B722107ED7},
4638,Source Operability,Custom,3442,23095,17,{944B73BC-6D40-4bdf-99F7-FC7455DD1E10},
4639,AC Source Voltage,Custom,3442,92116,8,{11CCBB59-70B2-4347-9FA7-B346F7F87891},
4637,MHE Design - Compatibility,Custom,3720,0,45,{D25F21E0-DC57-4f06-8887-76A57864F279},
4636,MHE Design,Custom,3720,0,36,{2BFBA2A1-C0A1-475a-A4E7-335FDF8DF3CD},
4633,Maintain Efficiency,Custom,3954,69079,8,{6CA7D1FB-345A-4f49-AC45-E7078237F534},
4635,Electrical - PCE,Logical,3743,0,22,{8A6649BE-5690-41e2-9640-8FDCCC16F972},
4632,MRD PCE 2.3 Core Features/Attributes Supporting the Value Proposition,Custom,3180,69021,36,{590E828F-4409-42be-A98E-1815033F92C6},
4630,Charger Function - Monitor,Custom,3740,0,7,{62775D7D-39A2-4995-9BFF-00D747EFACF7},
4631,Charger Function - Operation,Custom,3740,0,7,{733B0B29-FA88-4dfc-AD2B-A94CBB9EA7D7},
4628,Charger Function - Data,Custom,3740,0,7,{8D629B24-C531-4dea-946E-DA2AE6E52397},
4629,Charger Function - Energy,Custom,3740,0,8,{1F97D432-9694-4be7-901E-E5CFF2A25A1C},
4626,Charger Design - Mechanical,Custom,3740,0,9,{4C82D474-A742-47fc-9CEC-36F1A1A9BD61},
4627,Charger Design - Serviceability,Custom,3740,0,11,{79E9C53A-273F-440f-978E-4C69581306FF},
4624,Charger Design - Environmental,Custom,3740,0,11,{B99E49E1-3DEF-4a87-BB8A-F6981685B191},
4625,Charger Design - Marking,Custom,3740,0,7,{74AC8034-4DDE-40f3-AF22-21A7EE09DFEE},
4622,Charger Design - Electrical,Custom,3740,0,23,{420D12EA-7A81-405b-B84F-9E09C393277B},
4623,Charger Design - Compatibility,Custom,3740,0,16,{CD99FC28-7E88-4af9-917B-EE6E10356666},
4620,Charger Design - Durability,Custom,3740,0,15,{37F6BBF2-D7D5-4dae-AD10-B794CC7E37CC},
4621,Charger Function - Communication,Custom,3740,0,17,{FC64BF85-06BC-497f-BE21-50540E464123},
4618,Charger Structure,Logical,3739,0,14,{F94E55FB-1E49-426a-ADDE-ACCD88E508D0},
4619,Cable Cleanup,Logical,1109,0,6,{C7F309D5-EC32-4633-8E59-8CCB1A3C5D54},
4616,MRD PCE 1.2 Features - Design,Custom,3180,69024,14,{764672FD-10D2-4528-9567-8A839F587362},
4617,Product Design,Custom,3723,0,9,{C85FD733-2254-4a5c-A53B-631D656684BB},
4614,MRD PCE 1.2 Features - BMID,Custom,3180,69024,10,{EB3004E4-8414-4277-BCEF-8909EC1B70D4},
4615,MRD PCE 1.2 Features - Compatibility,Custom,3180,69024,12,{0B116712-8806-45ed-A619-02119A694A56},
4611,Cable Management,Logical,3736,0,2,{13F4BAD2-FCA2-45a9-A010-AE17E102498A},
4612,Averest CAN 1.014,Use Case,732,92001,7,{8FF3D76B-5078-4f7e-9AE5-64191F418375},
4613,Connector ASM Industrial - Current Limits,Custom,3206,0,27,{545BD83B-F337-4c9c-A194-58ABE5F1E1F0},
4609,Configure Posiguard for Lithium,Use Case,3793,91743,28,{E33BB045-3504-45a0-B7DA-FA2940E20EAB},
4610,MVS Variants,Logical,3427,0,7,{E0282975-D635-485f-B86A-4455F796DF7E},
4606,02 MHE Accessories,Logical,3719,0,8,{DA832739-71C8-4d43-812F-362E368A96F6},
4607,Electrical System MHE,Logical,3605,91900,6,{B03CB560-0599-43d6-9DD6-EF94B5865491},
4608,PosiGuard Convergence,Custom,3731,0,13,{07D4BBF1-95D2-4f20-B43C-B4D57D1F02FE},
4603,Record Monitored Events,Custom,3953,33144,34,{657C6074-4E01-487c-9548-9C9F6176A67D},
4604,PCOM 1.0 Context,Logical,3657,0,9,{90123397-E934-45eb-9A19-0717B76ADEC4},
4602,Display Event Log,Custom,3952,22651,23,{B46604B9-5BAC-443a-8C58-ED5746E4E892},
4600,PosiGuard CAN,Custom,3731,0,21,{15521891-F4C3-45e0-902D-7CEAE811DC35},
4601,PosiGuard CAN,Sequence,2445,0,4,{AD385F23-4626-4d22-947A-FABE042695CA},
4597,PCE25 ECU,Logical,3713,0,9,{B0324267-3797-486f-B298-47A7426C7017},
4598,OCPP Charging Status,Custom,1194,0,34,{088A7513-20C7-4734-8F4E-5B7161BB94BC},
4596,PCE25 Electrical,Logical,3712,0,54,{8CD898AD-5437-4c4d-8EC2-B23245118F3F},
4595,PCE25 PCBA,Logical,3711,0,46,{B0F64F2E-4261-44af-8B58-1D73ABB299BC},
4592,PCOM Context GSE,CompositeStructure,3657,91460,19,{E34C34B0-CC6C-491e-AA65-5C61BAEDDAD0},
4593,PosiConnect,Logical,3709,0,27,{C47520AF-E875-43ab-A30D-9EB781E30349},
4594,PCE25 Shipping Kit,Logical,3710,0,10,{77C9551B-D6B0-472f-A422-AAFC6BB334EA},
4590,Accept user input to configure BMIDs,Custom,3952,80669,34,{30A4890E-E091-4f92-B959-EA9D89111C26},
4591,Configure Asset Parameters-,Use Case,1191,81704,28,{5D5F178E-3298-46d0-B8A9-D86D159D586A},
4588,Configure BMID,Custom,1191,81599,34,{63538531-6843-41a5-9901-46685E8E73DF},
4589,Configure Asset Parameters,Custom,1191,81704,0,{37FDBBB5-D65A-4db6-A10C-7739FDC2A270},
4586,Configure Operating Parameters,Use Case,3367,83293,23,{42DA9FC9-E6D4-4c17-ABB9-89F96D8EC65F},
4587,Configure Battery Parameters,Use Case,3367,83288,32,{BBADE555-F630-4422-A62A-B31039764D43},
4584,Configure BMID Parameters,Use Case,1191,81599,55,{F1F14FAD-9409-4f28-A69D-D0B5D0656FB6},
4585,Configure Asset Parameters,Use Case,1191,81704,62,{8B5E565D-6D6B-4a15-A962-831116A04212},
4582,Configure Bulk,Use Case,3367,88355,9,{2CE287C1-FA1B-4771-B576-7E752AAFEFE6},
4583,Download BRAT File,Use Case,3465,82030,16,{3EA544F4-4DFD-4ccf-8E80-832A998F84B1},
4580,PosiConnect App - Use Cases,Logical,3457,0,16,{D3A76B82-F891-47c8-BD07-9FB2ACF05DC3},
4581,Configure Product,Logical,3367,84484,44,{580D0AD1-2B15-4d40-BC12-CE1A68F52A63},
4579,Input BMID Parameters*,Use Case,1191,81599,99,{80E2BB51-AC0B-4ae9-B978-54F8B0B536DB},
4577,Update BMID Firmware,Use Case,1191,81717,11,{27ABA25C-48D5-4175-ABBE-5EC61797C35E},
4578,Bulk BMID Configuration,Use Case,1191,83322,14,{BD02B3C8-5096-4848-B9E7-175923BB95D7},
4574,PosiGuard Mode Selection,Use Case,3793,91707,40,{8CF6F081-0752-4dd3-9223-43295535F88E},
4575,BMID Use Case,Use Case,1191,79861,15,{CEEE69AA-BD75-4cbd-BEE0-A4EEC7D4187B},
4576,Acquire BMIDs,Use Case,1191,81314,11,{4FD55EDC-8065-48be-86E0-7D68D3E4759E},
4572,PosiLink,Custom,3145,0,98,{4BE68542-BC04-4787-B6B2-4D18AB5FADBB},
4573,Web Portal,Custom,3735,84667,27,{0183BB56-BEEF-4e2b-93EF-14BEED6482CE},
4571,Mk3 PCBA,Custom,3637,0,49,{C82F9B2A-9645-4660-92D2-E6C81454F539},
4570,Control Output Current,Custom,3954,81293,45,{FC9E8A15-DF82-45ba-838D-4C2D7B2D0E7C},
4568,Pii DV,Custom,3701,0,12,{E14D2C22-3ACF-4a62-944B-B420174D034E},
4569,OCPP 1.6J,Sequence,3702,0,2,{5497BD0A-8D7B-4850-AC41-9E74AE77D529},
4567,Monitor Current,Custom,3955,23079,53,{5D499F32-B6E5-40a2-81D0-20252EE096CB},
4566,TP0007: Current Accuracy Test,Custom,3700,91547,49,{71827FF4-0420-4f10-A56B-6DA424E652BC},
4565,ST12: Short Circuit & HiPot,Custom,3700,91634,1,{21DDC09F-CB42-4255-AAD5-1B241A49406B},
4562,ST09: UI App & Function,Custom,3700,91631,1,{F7BE00B1-A432-4a68-962A-3408E4A33C77},
4563,ST10: Line Abnormalities and PSU Faults,Custom,3700,91632,3,{D1545816-D20A-4dca-AB4A-C4D68A372DD0},
4564,ST11: BMID Programming & Sensor,Custom,3700,91633,2,{9CC06F38-1226-45e6-A7AA-057C5E91FE78},
4559,ST06: Thermal,Custom,3700,91628,1,{CAB67FD6-823E-478c-8EDA-27BC36EE4428},
4560,ST07: Storage & Humidity,Custom,3700,91629,1,{6E8BA2D1-47EC-4c33-AD34-E2E8E8A9DA30},
4561,ST08: Mechanical Robustness,Custom,3700,91630,1,{A3D062F1-E982-4820-8FF7-6ED6DE32682E},
4556,Core Charging & Simulation UI/App,Custom,3700,91625,9,{A2F48E11-088C-469b-AEF4-B5AC4DBB2EFF},
4557,ST04: Protection & Disconnection,Custom,3700,91626,1,{78C9B0CE-8372-4ae5-866D-50A5713F3213},
4558,ST05: Efficiency & Power Quality,Custom,3700,91627,1,{069AF628-EFA0-49d5-B75B-9C6466556DF3},
4553,Averest,Use Case,732,0,6,{10587677-9111-4883-8442-D3ADCC7FB894},
4554,Core Charging and Simulation Voltage,Custom,3700,91623,6,{DAD49B9D-D93B-4228-8BB2-3202C1893AAC},
4555,Core Charging & Simulation Comms,Custom,3700,91624,8,{4C021D50-40A1-45c1-AAA6-FBB8ADFE56B9},
4551,TP0004: Battery Charge (Voltage Mode),Custom,3700,91543,20,{4A2FE5AD-EB7E-4ba4-BF21-2F3134316566},
4552,TP0005: Battery Charge (BMID Mode),Custom,3700,91544,25,{8253B55A-960F-4da2-BF7A-150292F3937E},
4547,States - PCOM 1.0,Statechart,3698,0,5,{03DEE238-BC3B-4b1a-BBF3-6EC12139E0ED},
4548,ASM PCOM 1.0,CompositeStructure,3657,90986,19,{48F79996-9322-4bbc-AE95-BBDDE6CB9254},
4550,ProCore Edge DV,Custom,3700,0,74,{A4029449-6AC0-4dcd-B2DD-B3446EA80FBE},
4544,GSE_SW 2.8.1.1 Charger Configuration Process,Custom,3570,86982,11,{4BF5FB88-9788-4797-BC7F-FD4748DC2E23},
4545,GSE_SW 2.8.1.1.3,Custom,3570,87216,13,{1BD1A81B-6F70-402d-9C7D-484687E78D02},
4546,OCPP Charging,Logical,1194,0,19,{D7CCB0C9-6761-4db7-A7FA-6F96B320C8E3},
4542,WiFi Interface,Custom,3555,27387,29,{00688019-8D2A-4708-9360-C2B798813FA8},
4543,GSE_SW 2.8 User Configurable Parameters,Custom,3570,86049,18,{3A46253C-062F-44bf-9A27-676A5AEAE9C5},
4539,PCOM 1.0,Logical,3657,0,14,{A839ACA7-F0E3-4c91-9BD2-2E0336DFC8E8},
4540,Product Context Variants,Logical,3398,0,30,{319A9E64-0679-4c14-9B72-9FF5172F5BBA},
4541,PCOM Context PCE,CompositeStructure,3657,91460,22,{D08B5CFC-2BD9-42b2-A441-918421EBE2E3},
4535,Circuit - Fuse,Logical,1355,0,5,{A0C89EC7-0393-4459-8D6C-E10B3709FD17},
4537,Useability,Statechart,3451,0,19,{FB3B2A5E-D126-43e1-A329-52648FBD9485},
4538,Use PCOM 1.0,Use Case,3657,90862,4,{C35F68F0-7EE2-4f2d-BD73-1F0454EDE811},
4533,Transient Immunity,Custom,3443,22969,20,{D9A2FEE3-DFF3-4221-9FF8-1714C3F907E6},
4534,Circuitry - Memory,Logical,2618,0,12,{23137FA7-CB9D-4687-8394-0ED4760439E7},
4531,Product Information Marking,Custom,3446,51989,20,{8230241A-6065-4712-9D2F-EFF446D0965D},
4532,ElectroStatic Discharge Immunity,Custom,3443,22968,0,{2F51BA96-8C33-4ce3-AC1B-ECB8FC1D49F2},
4530,Product Safety Marking,Custom,3446,51988,27,{598377CB-6050-4567-8925-60539AB9C70D},
4528,Regulatory Marking,Custom,3446,52110,12,{D6ED297D-4CAD-4dc5-9EFD-74FF38761DE2},
4529,Product Traceability Marking,Custom,3446,52107,12,{137F38F2-33D4-4048-BBEE-94B538993DB4},
4527,Accept user input to configure parameters,Custom,3952,88238,60,{575E4C4A-94E8-4d1a-8966-AAEE01D21497},
4526,Installer Interface,Logical,3682,0,29,{19DD393F-AA48-4202-AE3D-2FF8F3EECAC5},
4523,Display BMID Data,Custom,3952,88408,33,{BFFB7271-DB12-40f2-91A2-8240B547F3BE},
4525,39 Marking Testing,Custom,1083,0,17,{CE1EC321-028F-4621-ADDF-D9B6CEBB36E0},
4522,Record BMID Data,Custom,3953,88209,55,{55C21A3C-CC71-4ee2-B897-7F3FB58C8188},
4520,39 Marking,Custom,1083,0,80,{8DAB3C90-2B83-409c-BA2F-894C1612DE71},
4519,Control component operation,Custom,3956,40427,61,{4557CE3D-1EE0-4f5d-8085-3AEFE577CFB1},
4518,Control Charge,Custom,3956,91357,29,{AB6B7F1E-5C0D-4fb5-8CDA-F4578F734C7D},
4517,Protect against Arcing,Custom,3954,28973,19,{B1AA2E1D-9C87-410d-B068-B13161B3489F},
4516,Control System Operations,Custom,3956,54726,37,{62CB6C3C-DF43-414d-A326-13E96B383355},
4515,Operate at Temperature,Custom,3956,51957,23,{93E64AD5-6F34-4bd6-AC16-47891F3A2459},
4514,Protect Product,Custom,3956,56326,35,{69CDEF1F-C48D-42d1-9B0C-DE6C5EFC5741},
4513,Regulate System Parameters,Custom,3956,54265,41,{51C31A25-982E-4f24-B062-2890962FD0A9},
4512,PosiCharge Product,Custom,1244,28565,20,{FA0952C2-321E-46c8-8067-063B4A0D6033},
4511,Service system,Custom,3956,56665,60,{1BF1C7B0-76B1-4577-A4B6-A22720A427BA},
4510,Product Function,Custom,679,22634,11,{F579D901-80CC-4e9c-92FC-A30DDEB85C4C},
4508,Charge Battery,Custom,3954,61539,21,{A0B46746-9176-4665-9EB5-0B8A06CE9CA5},
4509,Bidirectional Energy Transfer,Custom,3954,35290,12,{B5622009-30B9-4e69-93CD-B92EE56AE557},
4507,Output current,Custom,3954,81304,47,{A4500362-27C9-4af2-9289-44A643509FAB},
4506,Output Voltage,Custom,3954,81301,37,{64150F0A-2242-4835-BD18-4406C00C965C},
4501,10 PCBA Connectors,Logical,3686,0,22,{95B45232-628B-4fdb-AA08-8C4CC8FB5180},
4503,10 PCBA Contexts,Logical,1167,0,15,{923F6970-BD31-4460-80F2-5A44CF3AC826},
4498,PCE Remote LED Bar Parts Function,Custom,3680,0,14,{A290939B-2337-4c4d-951E-E6FD7C4A0D83},
4500,10 PCBA Variants,Logical,1167,0,32,{A76A5D9C-15A2-4f8e-ADDA-4DDF951775E3},
4496,PCE Remote LED Bar,Custom,3585,0,12,{DE790D29-EEC2-437c-8A43-0C03A1CA1AF9},
4497,PCE Remote LED Bar Parts Design,Custom,3680,0,39,{4A3C77F2-CF04-4e38-A687-20AA6A90516D},
4495,Communicate BMID to Charger,Custom,3952,83120,37,{054A537A-C78D-488f-847F-F3F621B524B8},
4494,Communicate with Charger extra,Custom,3952,91284,24,{A5910508-DC0E-4f32-9CC7-4993D54F48FA},
4493,Communicate with Charger,Custom,3952,91284,31,{CFB6A144-9335-4fe8-8B75-61CCC1EDD85C},
4492,Communicate with BMID,Custom,3952,91285,30,{8D06FC59-9AB5-4ce5-A59E-2F848752BAF7},
4490,Communicate with Accessory,Custom,3952,91289,21,{5F4DF0BB-862E-4467-B76A-1B2B95582C35},
4491,Communicate with App,Custom,3952,91287,17,{C4B8DB2B-D195-4d06-BA03-0205EEFE3635},
4488,ASM - PCOM 1.0 Spec,Custom,3696,0,79,{BE8CC674-5DE4-416f-84C7-41907734EEFA},
4489,ASM - PCOM 1.0 Comms,Custom,3696,0,25,{87488AD3-80F0-4342-AEE3-1F9D27E37330},
4486,PCBA - Mk3 Comms,Custom,3637,0,58,{6DE645BF-0DD9-469c-AF53-EF701C5DE165},
4487,ASM - PCOM 1.0,Custom,3696,0,52,{A3883DE4-4916-4607-865F-0280971FC1B4},
4484,PCBA - PCE Adapter Interfaces,Custom,3651,0,25,{6868FD05-3077-4e6e-B009-A30C25239B59},
4485,PCBA - PCE Adapter USB Hub,Custom,3651,0,12,{1BCE3865-BA43-426a-AECB-814A64B75FD3},
4480,Ground Bonding,Custom,3445,57182,22,{76EF4FB4-D9BB-460e-B77E-FBEF06449F01},
4483,PCBA - PCE Adapter Power Regulation,Custom,3651,0,15,{BB276781-F334-4d5a-8F45-F7CE3D6F72C4},
4478,Grounding,Custom,3445,57182,40,{18243F37-1D5E-430a-AD68-FA3CFF61F032},
4479,Provide Ground Test,Custom,3445,57182,7,{31FF7334-35C0-4d0d-9862-F55801750E06},
4476,06 HVPS,Logical,3621,0,46,{F78708FC-C9EF-40a9-BFBE-1F78D531172C},
4477,SW - HVPS,Logical,3675,0,4,{F36F2F3A-57B7-404b-A567-A9FEE2B38544},
4474,PosiGuard VISUM CAN,Custom,3674,0,27,{CD9BCE6B-EC21-4407-BD9C-698FBA0223C6},
4475,Configure Baud Rate,Activity,3674,91107,4,{7ECAD1DD-ABE9-454b-8B81-E94F1B0D373C},
4471,PosiGuard VISUM On Battery,Use Case,3674,90973,26,{CD49FE68-22D4-4244-B169-09EAA3353E23},
4472,PosiGuard VISUM,Logical,3674,0,30,{5909EE0E-E95F-4d87-9843-F6E14621D67B},
4470,PosiGuard VISUM Install,Use Case,3674,90973,38,{52B41B60-7AB6-434a-A798-11208C9BFB92},
4467,Communicate via OCPP,Custom,3952,90524,8,{0C9068C4-9275-40ff-A087-618D0727ADE0},
4469,PosiGuard VISUM CAN,Use Case,3674,90973,44,{9F2D22C5-4AD4-47be-B794-C71C4CA46079},
4466,Communicate via CAN,Custom,3952,32744,60,{9D8B17F0-EE89-489d-B6F5-77992742F81A},
4463,HVPS 30 Context,CompositeStructure,3613,91000,28,{43270E4E-DABE-4fba-B959-2917F8520D23},
4464,Accept user input to configure product,Custom,3952,81265,113,{FB2122C5-8E61-4932-84E4-BE2AFD753B44},
4465,Communicate via Bluetooth,Custom,3952,54153,11,{77F38610-8BBC-4aca-8D94-4FE8171747B5},
4461,PosiGuard VISUM Test,Custom,3673,0,22,{A4D9BD8C-C081-4a1f-A2B8-1CF1C8AD5ADF},
4462,HVPS 30 Context,Logical,3613,0,9,{A7E67916-BB7D-437c-97B5-E24139D22180},
4460,Perform OTA,Custom,3956,82510,34,{534413E7-77C2-47cc-B9DC-B3A84E75BC20},
4456,predictive analytics,Use Case,3671,0,5,{B0B59E77-E24C-4bfa-A816-2A8D0B360D7E},
4457,PosiGuard VISUM use case,Use Case,3674,90973,27,{229500B9-80D4-49bb-8C58-FEAF21522F83},
4458,06 Pii Charger,Use Case,3621,0,2,{46F237E9-4BCB-478c-A58D-52134EAD29BD},
4454,Environmental Protection,Custom,3444,0,8,{90E6276E-98FF-4860-AF33-A1CF9612D016},
4455,Wireless Comms,Custom,3555,52098,19,{7462703C-9674-48eb-9D0B-E139BD082F8A},
4452,Circuit - CAN Mk3,Custom,3634,90953,18,{D87CCBA0-3D98-4f6a-A9AA-F43F70F0DE19},
4453,HVPS 30 sys,Custom,3613,0,18,{6A91F752-E744-413e-9A5A-125E2DDA8437},
4451,Gen4 Control Comm Tech,Custom,3548,0,28,{10B768AD-A904-4ca9-96C9-53544AB8AA53},
4449,Power Station Variants,Logical,3659,0,15,{C996E52C-CF6C-4c76-B1B0-52EC6FE1A38F},
4450,Coghlin,Use Case,3670,0,9,{94C9E293-AF3E-4887-A292-8DFEEC90CD40},
4446,MVS 330,Logical,3666,0,4,{3E6EF460-89BC-415f-A699-591B8FFACE79},
4447,GBT Kit - GSE,Logical,3667,0,2,{A97AA2DD-764F-4868-87A6-7694CAAB7600},
4448,SVS 100,Logical,3668,0,6,{2F095BFA-FAAB-4420-8303-8884E8D7843F},
4443,DVS 100/150,Logical,3663,0,1,{E8623D88-8E21-44a4-9DA5-45612A94E3F9},
4444,MVS 800,Logical,3664,0,6,{44D38CC4-0171-4bc2-A746-0FBC31D4DB36},
4445,MVS 400,Logical,3665,0,4,{F25A48B4-7B40-47c1-B5BB-9C2CA4D7210C},
4440,CEC Kit,Logical,3660,0,12,{7EA37136-3E8B-46f5-9977-42802B2B4668},
4441,DVS 400,Logical,3661,0,1,{12C6A8A4-AE4A-4d2e-B49B-60D775DA7D48},
4442,DVS 300,Logical,3662,0,1,{64375A2E-3E57-4de6-B244-F45B56C4E2DB},
4437,Record Data,Custom,3953,22893,32,{CFE06D59-C04B-40a9-87BD-46133C1DCEF9},
4438,Record Configuration data,Custom,3953,81461,13,{45E272AF-B3E9-45b6-ADAD-80E475BB032B},
4435,Communicate with Energy Management System,Custom,3952,22854,10,{85813160-D7B0-4fab-A15A-0418E969AAD2},
4436,Communicate with Charge Event Monitoring Device,Custom,3952,22855,9,{12B50521-E0B5-4e3d-8A20-146E9FF126E6},
4432,Install PCOM 1.0,Use Case,3657,90863,1,{FA1B89F8-9DA1-4164-B882-29741694DCA3},
4433,Design PCOM 1.0,Use Case,3657,90867,6,{FE88A5B9-A03B-4556-B55D-44ECBBDB982D},
4434,Decomission PCOM 1.0,Use Case,3657,90865,20,{621900AF-48C3-43bd-B28A-6593015D6A80},
4429,PosiGuard MRD PV,Custom,3656,0,30,{D7C560B9-81DF-4ca3-A5F4-D3FDA7BF3EC2},
4430,Use IPC PCOM,Use Case,3036,90860,1,{EDBFE693-3F73-49e4-9AE5-9EC3E4F58E17},
4431,ASM - PCOM 1.0,Use Case,3657,0,15,{9342C59E-B624-4df6-936B-96B3E90E76FD},
4427,PCBA - PCE Adapter,Custom,3651,0,37,{157A620E-DA3D-4476-8D02-B018D7708082},
4425,Wireless BMID OverGas,Use Case,3654,90810,16,{F88BC329-8D04-44f5-8AFE-E2D0DF922FDC},
4426,PCBA - Comms Gen4 Context MHE,CompositeStructure,3634,90826,9,{88577C1A-A2B7-4d3c-A6F1-2FB5DE2A053F},
4423,HVPS 30,Custom,3613,0,52,{0124FEBF-391E-413f-878E-DE4A31613DF1},
4424,Battery Storage Water Level,Statechart,3655,0,6,{E699A232-CB41-4cff-89E5-2C0E0EACEA79},
4421,Charge Function with extended PreCharge Window,Custom,3613,90793,9,{17D818DF-CDD2-426f-8E60-9B931E04412D},
4422,HVPS 30,Use Case,3613,0,1,{7953FA17-3DA9-4036-8E68-311DC80F83E2},
4417,CAN Interface,Custom,3555,34335,23,{C3397E87-71DB-4f9a-A310-8D2EA318F665},
4420,HVPS 30 Validation,Custom,3613,0,31,{D529A319-1AF6-4404-BD04-75492B96881E},
4415,GSE_SW 2.4.3 Network Communications,Custom,3570,86151,13,{60C89918-A065-4ae9-8C08-231CB575CCA4},
4416,GSE_SW 2.4.3.1.2 Network Topology,Custom,3570,86157,7,{B5DF4FC1-DD9F-4d92-BA02-AC17217ED7F1},
4414,Gen4 Control Comm w/Device,Custom,3548,0,53,{C9CC23BD-2889-4257-91B4-2A57093713B2},
4412,Skylink Kit Context,Logical,3014,0,6,{E4D69D66-49C2-452e-9481-62E65AE20F3B},
4413,UL 1564 29 Power Input Test,Custom,3416,60122,5,{9C9F829E-B913-4b9c-9C8F-0A337EBC6583},
4411,Mobile App,Logical,3735,0,35,{33B88C0C-3494-45e4-81AB-1619A933D25F},
4410,PCBA - PCE Adapter,CompositeStructure,3651,90632,17,{54C5FE69-4768-4fb1-B183-D290ADF93055},
4408,PCBA - PCE Adapter Context,CompositeStructure,3677,90688,6,{B4F1D415-A68F-4da3-A0D2-BDE8BD16A117},
4409,Circuit - USB PCE,Custom,3725,89890,28,{02B9AE4B-1C40-4494-87BE-37BC7702070F},
4405,Circuit - Voltage Regulator 12VDC PCE Adapter,Custom,3677,90638,6,{A07866AF-D1FC-4317-B292-E8DEEB5C8FF0},
4406,PCBA - Comms Gen4 Context PCE,Logical,3634,0,10,{6B422094-58E7-4719-851F-24814D8EEB82},
4407,PCBA - PCE Adapter Context,Logical,3651,0,10,{2B5AA536-AAC4-4553-8B62-53419F3F0449},
4403,PCBA - PCE PCOMM Context,CompositeStructure,1182,90619,27,{AF7F5341-63E5-4d7f-8287-88BFC847D99D},
4404,PCBA - PCE Adapter,Logical,3651,0,26,{2AB0D3C2-FC1A-4381-9C70-D09BDC929710},
4400,Charge Function GSE Mk3mod CAN,Sequence,3638,0,7,{0D17C836-D750-4508-BD89-DBE1E010B365},
4401,PCBA - Mk3,Logical,3650,0,5,{91EB71E3-6CE5-4754-BBD1-00CBB686E66E},
4402,PCBA - PCE Control Context,Logical,1182,0,7,{C3B6F319-11A7-4699-BB63-B5E648D63D99},
4397,ProCore Edge std charge,Sequence,3727,0,4,{A90B658D-CC51-40c6-95C9-EAA89DEF95F4},
4398,Power Station - Gen3 std charge,Sequence,3646,0,6,{CFCF0BF9-A677-4f0e-97C0-0F462253DFBD},
4399,Charge Function PCE Mk3 IPC CAN,Sequence,3638,0,4,{B426C4D0-3D06-4906-BA86-E067B4F00617},
4395,Circuit - USB Gen4,Custom,3634,90567,29,{F164192E-6BB9-4178-8558-138370FF3846},
4396,Solutions,Logical,3638,0,5,{286DA375-A88C-4022-BA5C-1864BDF3CA96},
4394,Circuit - MCU Linux Gen4,Custom,3634,90564,32,{587E7B4B-0922-4502-B9DA-D33CC6F5893B},
4392,Comms Function,Sequence,3638,0,4,{846BFC63-E83E-4c75-938F-A4EA5526740C},
4393,PCBA - Comms Gen4,Custom,3634,89633,40,{ABB1CF8D-C699-48db-9245-7742A6C8F417},
4390,Circuit - Ethernet Gen4,Custom,3634,90565,47,{5A518C1B-E902-4c41-B2E7-D24CD3E24298},
4391,Charge Function,Sequence,3638,0,5,{E0A53FBC-8796-4297-B720-5A5CF6023388},
4389,Circuit - Cellular Gen4,Custom,3634,90569,53,{89A935DA-C583-4445-921E-A5BA057F9B5A},
4388,Circuit - Bluetooth Gen4,Custom,3634,90560,27,{005A8B1A-39C3-45a2-8D32-D1BC10B623B7},
4387,PCBA - Comms Gen4 Function Comms,Logical,3634,89633,27,{FA8F8D71-2AE9-4907-AF3D-D1434AA56EF8},
4386,PCBA - Comms Gen4 Function Comms,Logical,3634,0,28,{5CB6C14A-E535-445e-B012-BFFFEBB56D48},
4385,PCBA - Comms Gen4 Function Control,Logical,3634,0,20,{972A706E-07E6-4fbf-8904-52958A2EEBE2},
4382,Display - Gen4 Expo Demo,Activity,3647,0,17,{01093E75-5914-416a-A7CA-02251D851D37},
4383,Touch Input - Gen4,Logical,3648,0,22,{B95539A2-6923-4562-8597-7A0B51B1224E},
4384,PCBA - Comms Gen4 Structure,Logical,3634,0,65,{15BA3852-BBC4-4c88-A9AE-A5269FC43FF2},
4379,ASM Gen4 Control Context Physical,CompositeStructure,3658,90476,26,{FB94B86F-DEEA-4109-BF75-A028653E9D46},
4380,MHE Variants,Logical,1250,0,10,{7E26C5DF-D73D-47e6-9A18-88B3EB01A68B},
4381,HMI - Gen4,Logical,3636,0,8,{2B4096ED-D21C-4b91-B6DC-01F9F0107F8F},
4377,ASM Gen4 Control,CompositeStructure,3658,83554,6,{FBDB070D-9818-4c4d-98CD-D5F5D1C1B527},
4378,Circuit - Pilot SG transition to CAN,Logical,2523,0,17,{F2F0A524-0E5C-447d-B42D-3D26BF020D57},
4374,ASM Gen4 Control Context,Logical,3658,0,23,{8AB56BC9-8206-48c1-9FC6-CF53C06E39D8},
4375,PCBA - Comms Gen4 Context,CompositeStructure,3634,90464,1,{C165B5B4-24DE-463f-AE3B-BE9ED8EBAA04},
4376,ASM Gen4 Control Context Logical,CompositeStructure,3658,90476,25,{93E2786E-9E42-4eec-9096-2FEB4D5994E4},
4370,Enclosure - Industrial,CompositeStructure,1125,28034,13,{372BACB7-086B-4d9c-8E1F-DF630F151615},
4372,PCBA - PS Control Gen4,Logical,3631,0,4,{B4F4C6A6-00B3-40a7-A44A-88C7CB1247B9},
4373,PCBA - Comms Gen4 Context GSE,Logical,3634,0,11,{64485A79-50F4-47a2-8214-A94F60F5F548},
4366,PCBA Context,CompositeStructure,3686,90337,16,{E44C16E3-C3D5-4359-B485-15837ED148EB},
4367,PCBA - RS-232 Gen3,Logical,3641,0,8,{0C724747-6E58-438a-A377-40D4382BB4A2},
4368,DVS Variants,Logical,3428,0,10,{896382CB-F959-4933-9F55-A164479E0997},
4362,PCBA - ProCore Edge Control - Comms,Logical,1182,0,17,{7A99BBA7-2297-4003-AC3F-314929FB6B04},
4363,PCBA - PS Control Gen4 Context,Logical,3631,0,9,{6A951221-3797-4f65-BC78-A99C5AD49DB0},
4364,PCBA - PS Control Gen4 Context,CompositeStructure,3631,90305,30,{1E9AAAA1-F7D9-43fe-8D9E-5F66ECBF8801},
4359,PCBA - Control Gen3 Context,CompositeStructure,3580,89752,40,{3971CB2E-A37D-42a7-B9B9-DFFD7BC7E495},
4360,13 PCBA - Expansion,Logical,3383,0,5,{50941D3A-B94F-4c22-8DC9-93DCE0F2B755},
4361,PCBA - RS-232 Gen3,CompositeStructure,3641,89632,23,{9281F8EC-11B9-4700-9626-86E676A5CCE6},
4355,Mk3 Modified with Adapter,Logical,3638,0,10,{8D57CEFB-AE2B-484a-878A-57F69D2FFC6F},
4356,Linux Daughter,Logical,3638,0,15,{872C694B-6C3E-4521-86C5-A96B9ED711DC},
4358,PCBA - PS Control Gen3 Context,Logical,3580,0,9,{AAC3C20F-B9CB-429d-B279-F590A6FEB0C7},
4352,Solutions,Logical,3638,0,33,{E1681801-419B-4cdc-8094-E71E65EF988B},
4353,Single Board Redesign,Logical,3638,0,5,{BFB62571-744C-469d-A655-E1F4C2B24118},
4354,Mk3 with Adapter,Logical,3638,0,10,{25D0CB10-6530-4e0c-906E-A6916C6455A0},
4350,Display - Gen4,Sequence,3647,0,8,{DBBDF2CB-F731-45ca-B55F-FA00F2C5C8A7},
4351,Communicate Logs to External Device,Custom,3952,88446,34,{4B92E211-50F2-45da-A4E1-086FBB7EC691},
4348,Gen4 Control,Activity,3548,0,21,{797B6CD7-23BA-4352-ADBF-F25795B9B83D},
4349,Display - Gen4,Activity,3647,0,4,{9F785852-09EF-4638-AAAA-BA43E9173DA5},
4347,Gen4 Control Comm w/User,Custom,3548,0,35,{50A9C6C0-3E22-4ea4-BE88-D0A55A9C8CF6},
4346,Gen4 Control Operate,Custom,3548,0,24,{9C5FE7CB-91C5-4dee-A3DD-290A62761364},
4345,Gen4 Control Monitoring,Custom,3548,0,30,{A28B5563-71F7-4178-8979-F7212D1B14C5},
4343,Gen4 Control Data,Custom,3548,0,16,{BCD87536-42A4-43a3-969B-61AC73AA3C65},
4344,Gen4 Control Energy,Custom,3548,0,11,{370C1C39-63ED-4346-BA01-20803058D93B},
4342,Gen4 Control Comms,Custom,3548,0,53,{EB03FE39-42AD-4666-9A14-AFDA7318E076},
4340,PCBA - PS Control Gen4 Control,Use Case,3631,0,17,{A56CB27C-AAF6-4fdc-ADBC-EC8FA74BD73E},
4341,PCBA - Gen4 Expansion,Use Case,3634,0,16,{23730D22-B02A-4a23-B8F4-8951848DD135},
4338,Enclosure - Gen4 Front Panel Transition,Activity,3635,0,16,{1ECFF00C-D38B-4596-BD61-34A22E2AE030},
4339,Enclosure - Gen4 Front Panel Install,Use Case,3635,0,15,{B4CDB1CF-4EDE-4940-B83B-FA2AA0396688},
4334,INMETRO,Custom,3630,0,2,{0A56D1A1-5034-48bb-8548-89FAD44F8A94},
4335,Enclosure - Front Panel Gen4,Logical,3635,0,18,{A4BF9729-979D-48c9-B66F-5E0593702403},
4337,PCBA - PS Control Gen4,Logical,3631,0,13,{41E769A0-A1F9-46ea-A4C6-EDF2D81EFE2E},
4331,BIS,Custom,3627,0,3,{C1181541-A2CF-49fe-99AD-423CA333CD80},
4332,PSE,Custom,3628,0,3,{1DFC321B-1532-4cb8-A859-94735D727839},
4333,KC,Custom,3629,0,3,{5F8EB19D-94C8-4ce6-ADCC-31FE620C27F8},
4329,SASO,Custom,3626,0,4,{F8398A22-A018-4901-82C9-5D768D32AA01},
4330,GSE Regulatory,Custom,3718,0,18,{B738882B-D5C8-450d-8CA8-05644625D944},
4326,Capacitor,Logical,2499,0,11,{13CCE999-BA35-4fc5-816B-BD8DB4957B9E},
4327,ACMA,Custom,3624,0,4,{ECB86528-D7F4-4f1c-93FD-746CB6BD61AD},
4328,SANS,Custom,3625,0,6,{76109AEC-FF1A-40ac-9001-5FB1E1894BD2},
4324,PCBA - Power Station Control,CompositeStructure,1368,31418,54,{0A57B7B7-61EC-409e-B012-4054372424FF},
4325,PCBA - PS Control Generalization,Logical,1368,0,67,{F5F8064D-5A32-4902-9648-2A6859578359},
4320,GSE_SW 2.2.1.1.6.3.4.4,Custom,3570,86714,10,{78D240D3-9C6A-4aa4-BB5C-B37D86F75E16},
4321,GSE_SW 2.2.1.1.6.3.4.7,Custom,3570,86710,10,{FE2A7FCA-2791-46fb-8369-6E818DA402F9},
4323,Power Station - Gen3,CompositeStructure,3646,89512,1,{558619D4-F46F-448c-BD70-7876550D260B},
4318,LAX_2025 A1.2.02 .E  USER INTERFACE,Custom,3619,89303,6,{9F68ADEE-B418-4af8-874C-86DD8423D0E1},
4319,GSE_SW 2.2.1.1.6.3.4.2,Custom,3570,86644,16,{9C962533-50B3-44c2-98BB-68517C4BCF99},
4316,LAX_2025 A2.1.03 REFERENCES,Custom,3619,89039,27,{752701D6-363A-4a62-8FE4-F5C009E05597},
4317,LAX_2025 A3.1.04 REFERENCE STANDARDS,Custom,3619,89037,37,{4FC94F2A-EB84-42f8-9350-87120F258F0B},
4314,LAX_2025 A1.2.02 .D .1.. Charging Ports:,Custom,3619,89302,16,{7CCB0315-F6E7-49be-8CBF-5F542C81832E},
4315,LAX_2025 V PROPOSAL EVALUATION AND AWARD,Custom,3619,88829,7,{7F5462D6-9EB3-4b9b-8B3D-B6153AEB1502},
4312,LAX_2025 A1.2.02 .C  INPUT REQUIREMENTS,Custom,3619,89300,9,{EDB94860-510B-4754-AC8E-BD4880FC1AE4},
4313,LAX_2025 A1.2.02 .D  OUTPUT REQUIREMENTS,Custom,3619,89301,27,{570B617B-AC4D-4a27-B48F-B646EBFF2C6B},
4309,LAX_2025 A1.1.11  TRAINING,Custom,3619,88915,5,{660DD485-84A8-44c2-9E32-AB8C2EBC7822},
4310,LAX_2025 A1.2 PART 2 PRODUCTS,Custom,3619,88853,5,{830F20EA-6946-489a-AEC5-B6FE9BA8F929},
4311,LAX_2025 A1.2.02  LEVEL 3 (DC FAST CHARGER) & EGSE,Custom,3619,89052,10,{3506032A-877A-4f62-A182-7AFCFFBC7E51},
4306,"LAX_2025 A1.1.07 DELIVERY, STORAGE, AND HANDLING",Custom,3619,88850,7,{E9A18B68-DF59-49c3-8C30-505195884A52},
4307,LAX_2025 A1.1.08 WARRANTY,Custom,3619,89030,5,{A3C95BB8-1AC0-4b4e-9D6B-47B1F34486A3},
4308,LAX_2025 A1.1.09  OPERATION AND MAINTENANCE MANUALS,Custom,3619,89031,5,{9E9E8EEA-624E-44ca-ABEA-C93AB6691110},
4303,LAX_2025 A1.1.04 DEFINITIONS / ACRONYMS,Custom,3619,88847,6,{93D07133-27A5-4c56-86F6-11BC3912C56B},
4304,LAX_2025 A1.1.05 SUBMITTALS,Custom,3619,88848,10,{EFD645FE-0A49-4fcb-B622-A7EA6C000729},
4305,LAX_2025 A1.1.06 QUALITY ASSURANCE,Custom,3619,88849,3,{1E7FDB6A-4BA7-4862-9DE2-F1415163D7ED},
4300,LAX_2025 SPEC Attachment 1 � Procurement Specification: Ground Support Equipment,Custom,3619,88832,13,{51E29F98-4A65-4b03-8032-3941AE0D70D9},
4301,LAX_2025 A1.1 PART 1 GENERAL,Custom,3619,88845,12,{799C180B-BAFD-4b23-B248-8EDFE1823C0D},
4302,LAX_2025 A1.1.03  REFERENCES,Custom,3619,88846,25,{75BC7061-348D-490c-82A7-FFAA120331D2},
4297,LAX RFP,Logical,3617,0,18,{4E174539-27F4-441c-B2EB-EE62CCFA99DB},
4298,Third Party Testing,Use Case,3618,0,5,{05D5D755-69FE-4b1f-A916-9885F8BF17DF},
4299,LAX_2025 REQUEST FOR PROPOSALS FOR ACQUISITION OF eGSE CHARGERS AND COMMISSIONING FOR THE LOS ANGELES INTERNATIONAL AIRPORT RFP CONTROL #25-002,Custom,3619,88821,13,{8EB5805B-44EF-4a83-89E8-4616A7061F55},
4294,00 Who,Logical,3371,0,7,{AB3C8039-1D99-46b7-922A-81FE0B82CC1B},
4295,SkyLink Function,Activity,3614,0,26,{D98E04B5-A4C7-49cc-AF44-759E5612A0A9},
4296,YUL failures,Use Case,3616,0,4,{EDCB3E51-408B-4099-A75C-E747E1264D9A},
4292,PCE25 Function,Logical,3615,0,19,{897EBEC8-9D97-4beb-B0CB-FA0E23023C8C},
4293,CAN BMID - Textron,Use Case,3952,90825,14,{50C18D30-A6ED-45c4-9C56-0808E06EF93A},
4290,GSE_SW 2.6.1.1.1,Custom,3570,86090,32,{D3808DB5-F7FC-40f1-9E32-16660CAB32C4},
4291,GSE_SW 2.6.1.1.2,Custom,3570,86299,33,{352209A7-4CB1-44ec-9A55-E5BF38833B1C},
4288,GSE_SW 2.6 Logging,Custom,3570,86087,8,{C1D655D9-32BD-4c5c-9B4F-7B87FA75D83A},
4289,GSE_SW 2.6.1 Charge Data,Custom,3570,86088,6,{420F43C5-10AB-4552-AFE5-84A6071342B0},
4286,Main MCU: Circuit - MCU (Main),Logical,3608,88577,41,{866C6DCC-BB92-44f7-AE94-CB1F4F590C99},
4287,PCE Controller 29685: PCBA - ProCore Edge Controller,CompositeStructure,3608,88537,37,{6F65B8B9-78B6-456a-9311-2FCF22D418C8},
4284,GSE_SW 2.2.1.1.6.3.4 State Exit,Custom,3570,86642,22,{4EC22AF3-259B-452c-8716-39A135E263BA},
4285,+12VDC Regulator: Circuit - Voltage Regulator,Logical,3608,88603,32,{1063A7D3-CC96-414a-B4F0-B5D7B6F36C76},
4282,SkyLink Function,Use Case,3614,0,36,{DF36AD87-3FE4-462c-8077-C48AFA4DF561},
4283,GSE_SW 2.2.1.1.6.3.2,Custom,3570,87007,14,{8E8607FC-5D76-4aa8-B4A1-7DD1109DE6BC},
4280,GSE_SW 2.2.1.1.6.2.5.5,Custom,3570,86419,14,{9E146627-732E-4d09-A879-D843AC2005EC},
4281,GSE_SW 2.2.1.1.6.3 Fast Charging at Constant Voltage (Fast CV),Custom,3570,86422,14,{5A940B16-483F-437c-BC54-7998B083CE30},
4278,BMID Context,CompositeStructure,1191,73350,6,{BCFFB574-6701-437f-8295-5CF8A5511C28},
4279,GSE_SW 2.2.1.1.6.2.5.2,Custom,3570,86747,14,{1DB5BB28-C138-47a2-B618-AC60B4C9EBE3},
4276,GSE_SW 2.2.1.1.6.2.3,Custom,3570,86074,8,{FF18FDB7-32B2-488f-8604-414288ED4EF7},
4277,GSE_SW 2.2.1.1.6.2.5 State Exit,Custom,3570,86235,20,{2495CCFB-80CB-438c-9E09-BA578BE29710},
4274,GSE_SW 2.2.1.1.6 Fast Charging,Custom,3570,86072,12,{F95095B5-5715-4bf1-9D7F-01F896BFD99A},
4275,GSE_SW 2.2.1.1.6.2 Fast Charging at Constant Current  (Fast CC),Custom,3570,86073,14,{1F3EC8B8-0920-429c-A961-3EEC938CC248},
4272,GSE_SW 2.2.1.1.5.4 State Exit,Custom,3570,86327,25,{2722B65C-3DDC-4858-878F-5CC956CEE9B2},
4273,GSE_SW 2.2.1.1.5.4.2,Custom,3570,86911,20,{579D0950-5F61-4238-A1D7-B5BD55318851},
4270,GSE_SW 2.2.1.1.5.2 Initial SOC Determination,Custom,3570,86448,13,{9AE5524B-79D8-4593-9A77-449F0439B1EE},
4271,GSE_SW 2.2.1.1.5.3 State Entrance,Custom,3570,86097,21,{5A8C254A-EC36-4518-8C85-982D67BF2984},
4268,GSE_SW 2.2.1.1.4.4 State Exit,Custom,3570,86694,28,{318B2950-90FB-4608-84A5-F29B78A3FCCA},
4269,GSE_SW 2.2.1.1.5 Pre-Charge,Custom,3570,86062,11,{6BE0B21E-A7F8-41cc-8E29-37E78D15D24D},
4266,GSE_SW 2.2.1.1.3 Disconnected,Custom,3570,86352,20,{532FA887-03A1-4add-8B50-993E48BA1023},
4267,GSE_SW 2.2.1.1.4 Idle 2,Custom,3570,86165,21,{F0F51F69-AF21-4505-9F2E-77DD098C351C},
4263,UL 1012 12.1 Permanently-connected power units,Custom,3534,60496,10,{8AA4956E-32D4-4657-AE2F-E1BF8B20E78F},
4264,UL 1012 12.2 Wiring terminals and leads,Custom,3534,60704,15,{C1A0E544-6C43-4a76-8FB4-1AA20DB1CD14},
4265,UL 1012 12.3 Cord-connected power units,Custom,3534,60549,13,{01629030-DE31-4a2e-84CD-8C223E5FA17B},
4260,UL 1012 10 Assembly,Custom,3534,60497,4,{BAC5096E-982B-4cfe-A47E-0D39A26B3598},
4261,UL 1012 11 Protection Against Corrosion,Custom,3534,60501,2,{6C5ADE93-538F-4c61-8842-6E63810532F4},
4262,UL 1012 12 Supply Connections,Custom,3534,60495,6,{4D831F89-D552-49ff-A21C-7A84FA7A694B},
4257,UL 1012 9.1 General,Custom,3534,60873,6,{5E6CA0BE-782A-4949-9996-45882B80A291},
4258,UL 1012 9.2 Mechanical servicing,Custom,3534,60779,4,{29CC46D4-9B69-4520-A428-968909A3AE6E},
4259,UL 1012 9.3 Electrical servicing,Custom,3534,60782,5,{3BCD8F18-3290-4a46-881E-64FD15E0ED38},
4254,"UL 1012 08 Accessibility of Uninsulated Live Parts, Film-Coated Wire, and Moving Parts",Custom,3534,60483,5,{40BA857D-808C-432a-BFD6-2266362197F0},
4255,HVPS 30,Logical,3613,0,25,{97186757-4C53-47bb-B424-23170E8EFF89},
4256,UL 1012 09 Protection of Service Personnel,Custom,3534,60562,4,{7FD34385-7D7D-4548-B9F4-0135FC38D0D9},
4251,UL 1012 7.5 Doors and covers,Custom,3534,60339,3,{39DB1695-A9D7-4a8e-8B10-543DC61CA26A},
4252,UL 1012 7.6 Protection against injury to persons,Custom,3534,60345,7,{50FFA569-2EF3-47ec-87CB-00FC52774277},
4253,UL 1012 7.7 Modular units,Custom,3534,60479,2,{CA9BB41D-B137-45ce-8B64-8BAFE9AC0EF1},
4248,UL 1012 6 Glossary,Custom,3534,60249,26,{A70E581E-7D69-4516-B7F7-AACB40F64A16},
4249,UL 1012 7.3 Integral meters,Custom,3534,60542,3,{743119C7-4828-40d3-B0C1-F274E0F8E886},
4250,UL 1012 7.4 Supporting material,Custom,3534,60342,4,{92ED418B-972E-4107-83D8-7C941B03326B},
4245,UL 1012 3 Units of Measurement,Custom,3534,60365,2,{10814CE3-7BCE-4f09-A1B7-44A2BC6947F2},
4246,UL 1012 4 Terminology,Custom,3534,60251,4,{41C4A0BC-258E-418b-9AF6-38CA026DBA4B},
4247,UL 1012 5 Undated References,Custom,3534,60250,2,{6566DC9A-0B3C-4cdd-8C3A-08E25F6D60AC},
4242,Power Designers,Logical,3612,0,3,{BA5B2E53-1E31-47e7-901A-CC50FF8F6BD3},
4243,Power Designers,Use Case,3612,0,9,{74E46F9A-0160-405d-92EE-1B494C6FAF0A},
4244,UL 1012 2 Components,Custom,3534,60370,5,{D69EDD69-089E-4cb9-A501-684AC6CC7F06},
4240,Amazon AmpCart ACT Protocol - Technician,Use Case,3611,0,29,{46C34DBA-BDA7-472d-93E8-4387BBFBA559},
4241,Amazon AmpCart ACT Protocol - Vehicle,Use Case,3611,0,23,{47CA6120-1599-4837-904A-F36021BF223C},
4237,Package1,Use Case,3609,0,2,{82102AF7-FE25-4368-9ABE-AB7034175B54},
4238,ProCore 200,Logical,3610,0,6,{280526B9-158B-4f55-9B91-F1A16EAB07EA},
4239,Amazon AmpCart ACT Protocol,Logical,3611,0,7,{BB9C36A1-8066-4f9c-8372-137DAE2C2681},
4234,UL 1012 7.2 Mounting means,Custom,3534,60544,6,{C01D664C-E741-4815-AF4E-46AA15B02E0E},
4235,ProCore Solo,Logical,3606,0,4,{8FAA5D66-673B-45ab-9D9D-81523171BA5B},
4236,ProCore Legacy,Logical,3607,0,6,{EA83D690-6B19-4772-A280-CD50467A7099},
4231,JTAG Connect: Circuit - Diagnostic,CompositeStructure,3608,88538,5,{41A47975-6B35-4a40-9020-25DDFE9B001E},
4232,Skylink Kit,CompositeStructure,3014,31328,9,{357D37E6-CC5D-474f-840D-48F1CC549CD8},
4233,Raspberry Pi Module,CompositeStructure,3014,79749,4,{F2F2C6DD-E118-4518-94C4-90F08F8CA5A6},
4228,PCBA - PCE Controller,CompositeStructure,1182,28490,13,{FCE28CFF-AA23-4797-9D6E-A9201076017C},
4229,PCBA - ProCore Edge Control instance,Logical,3608,0,36,{706E77A7-5F43-478a-87AE-67024BF0FDEE},
4230,Circuit - Diagnostic,CompositeStructure,1032,31503,1,{C7F3F3B8-2220-4d15-8EF6-BCA0BFBD7407},
4225,GSE_SW 2.2.1.1.2 Charging Data,Custom,3570,86115,19,{640DE71F-BDC5-45e7-A3A8-E9C1FC719F26},
4226,Power Station Context,Logical,3315,0,7,{56DAA444-56DD-45e9-B633-CDB61F29F615},
4227,Power Station Context,CompositeStructure,3315,88520,9,{A14E42DC-ED96-47a4-943D-2BB890E8A404},
4222,GSE_SW 2.7 Features,Custom,3570,86071,4,{9C1ACEC0-F99F-4aaa-9AE9-5139D4E9D1D8},
4223,Power Server,Logical,1248,0,10,{909C8E9D-6D62-4185-B72F-4383EA9ED52B},
4224,CAN Support,Logical,3555,34335,2,{CE6BF6BF-AF4D-4a48-AFDC-61864E4D513C},
4220,GSE_SW 2.2.1.1.1.3.1,Custom,3570,86722,23,{DAA53C76-E228-4538-9A17-8A45F3712F80},
4221,GSE_SW 2.2.1.1.1.5,Custom,3570,86267,28,{0BF12734-BA24-49c2-BD1E-F565E59F8802},
4218,GSE_SW 2.2.1.1.1.2,Custom,3570,86196,10,{C42083A8-B51E-42a2-825D-C9B940A7618A},
4219,GSE_SW 2.2.1.1.1.3,Custom,3570,86198,16,{A40BE1C1-89F7-440d-A802-5BD8DA4B8392},
4216,GSE_SW 2.2.1.1.1 Charge Algorithm Parameters,Custom,3570,86039,18,{3355BCE0-4E57-4362-A360-7AF20992582E},
4217,GSE_SW 2.2.1.1.1.1,Custom,3570,86040,11,{A9D71E3B-6CCA-4c63-B479-DC1BED8AC59C},
4214,GSE_SW 2.2.1 Charger States,Custom,3570,86036,9,{EA85A4CA-EDC2-4583-8099-B42F97BB9F05},
4215,GSE_SW 2.2.1.1 Charger State Requirements,Custom,3570,86038,18,{966E2D65-EDA1-43db-9638-2A93B3A1E525},
4212,GSE_SW 2.9.3 Commanded Features,Custom,3570,86164,15,{DC8F3512-AC4C-4eff-968A-F2728C0FEFFE},
4213,GSE_SW 2.2 Charge Handling,Custom,3570,86035,8,{69914E3A-07D1-4fae-B030-10123F9BE4ED},
4210,GSE_SW 2.9.2.3 Fault Logs,Custom,3570,86563,21,{D34E2B84-9C99-4516-8C88-760AF885A7AB},
4211,GSE_SW 2.9.2.4 BMID Data,Custom,3570,86349,22,{A94C4F84-FF0E-41fe-8DB8-96838F0CB4BB},
4206,BMID Validation module test,Custom,3314,78099,2,{985E9013-EB1C-4f1f-ACB7-9F28EA6368D8},
4207,PCBA - Power Station Power,CompositeStructure,1367,31304,21,{1ADCA5A3-EB6D-40b3-B38A-7BE803CBD61F},
4208,Electrical - Cable Set,Logical,3604,0,4,{8E316887-0872-43ad-B434-CDD3E522C5A8},
4204,GSE_SW 2.9.2 Commanded Data,Custom,3570,86263,11,{E7F17E27-8B03-4ddf-B3A1-8BFA6F50FF5D},
4205,GSE_SW 2.9.2.2 Charge Logs,Custom,3570,86557,24,{428D13CB-2A66-47ea-BC8B-4DBA0C38F314},
4202,GSE_SW 2.9 PosiNET Software Requirements,Custom,3570,86028,6,{F3FD73D9-1C63-4fc0-BF50-AA2B76208818},
4203,GSE_SW 2.9.1 Broadcast Real Time Data,Custom,3570,86264,6,{35453A4A-EBDF-4204-A972-B81FDF0CF107},
4200,12 Initial Setup & Configuration + Charger Config - Comm with the Cloud Function,Custom,3561,88102,25,{62FE339D-9BAA-4ed3-AF2B-2CB7E55F7958},
4201,GSE_SW 2.1.2.2.11.5,Custom,3570,87127,24,{BE0A9ED5-05DA-449d-87DC-6E55F63BB2C6},
4199,12 Initial Setup & Configuration + Charger Config - Accept User Input Function,Custom,3561,88102,27,{C830309E-D991-48a8-865B-F86327A035FC},
4198,12 Initial Setup & Configuration + Charger Config - Service System Function,Custom,3561,88102,33,{A5DD6C06-517F-4ebd-881C-FB61EEAE8024},
4196,GSE_SW 2.1.2.2.11.4 BMID Cumulative Data Screens,Custom,3570,86625,56,{227EC92E-78C3-4877-ABD8-E6BEE1644508},
4197,12 Initial Setup & Configuration + Charger Config - Manage Data Function,Custom,3561,88102,30,{2FF08EC3-DFB3-4cc7-8AE6-B721A22DA7D2},
4194,5 Troubleshooting Fault - On Site - Accept User Input Function,Custom,3561,88024,23,{C9C096DC-4DBD-4a8b-BBF8-0D2625FCC268},
4195,GSE_SW 2.1.2.2.11 BMID Data Review Screens,Custom,3570,86621,13,{3E60F013-6BEB-4a67-8158-C7ABADC60041},
4193,5 Troubleshooting Fault - On Site - Communicate Product Status Function,Custom,3561,88024,39,{69381F3F-8952-4868-9F48-0F3C50999BA9},
4192,5 Troubleshooting Fault - On Site - Comm with External Device Function,Custom,3561,88024,42,{4996B349-1199-4824-AEAB-B5486F9CBD88},
4191,5 Troubleshooting Fault - On Site - Comm with Cloud Function,Custom,3561,88024,26,{17EB686A-C7B1-46af-82A4-B3C3ADBE73FB},
4190,5 Troubleshooting Fault - On Site - Manage Data Function,Custom,3561,88024,49,{B6CCA4C6-2E18-4682-B909-CBC863B95689},
4188,Posilink UC - Access Individual Asset Overview,Use Case,3603,0,11,{1CFA52F4-96C9-4407-A435-4CC99AAD1D62},
4189,5 Troubleshooting Fault - On Site - Service System Function,Custom,3561,88024,30,{F27335F8-7FE2-45af-8637-8C0523DF5F30},
4185,Posilink UC - View Fleet Health Summary,Use Case,3600,0,29,{806F5C1C-84CF-4d04-BB8E-29A23B734E41},
4186,Posilink UC - Drill Down to Faults at Company / Location / Site Level,Use Case,3601,0,28,{A3F99B44-1BC4-488b-B341-9AE81C138A72},
4187,Posilink UC - View Faults at Individual Asset Level,Use Case,3602,0,25,{B6032503-9E86-413a-B31B-DEABAC128F63},
4183,GSE_SW 2.1.2.2.10.6,Custom,3570,86803,14,{6797D84B-3C90-4588-9D5F-C99DD523E694},
4184,GSE_SW 2.1.2.2.10.7,Custom,3570,86884,15,{274F8040-091A-49da-B038-28D3951C40F4},
4178,GSE_SW 2.1.2.2.10.5,Custom,3570,86800,17,{CFC753FB-7C96-41e7-8C4B-EA5DC17C899A},
4179,Detect Local A Closed Contactor,Activity,3591,88300,24,{8EA5F949-3687-4467-A6C0-B242DC7258C2},
4182,PosiGuard EOL,Logical,3592,0,6,{E1C2A830-EC4D-423d-8799-CB5F272C8100},
4173,GSE_SW 2.1.2.2.10.4,Custom,3570,87168,18,{18C170D2-82C4-4c06-AC2A-34F51954F154},
4174,Arc Fault Cleared,Activity,3589,0,14,{700569F9-4CD2-4503-98BF-FB4EB40582BA},
4171,GSE_SW 2.1.2.2 User Display Default Screens,Custom,3570,86521,19,{26F061D2-7583-4c55-98D8-E11961A21C94},
4172,GSE_SW 2.1.2.2.10 Charge Terminated Screens,Custom,3570,86553,31,{71D3D17A-CC6C-4845-9A02-3E68FBB3F028},
4169,8 OTA Capabilities,Custom,3561,88078,10,{826D5AED-6E10-4e00-A691-8FE43B76BABC},
4170,9 Data Encryption + Security,Custom,3561,88081,12,{93ACE6B0-30E7-48e6-903A-46A30B65B75B},
4167,6 Fault Monitoring - Remote,Custom,3561,88061,27,{F09B3859-39A9-45f3-AEB9-7BBAD9EF836A},
4168,7 Communications,Custom,3561,88073,19,{CCE7F450-8348-4fcd-B59E-38B0C1DA18D9},
4166,5 Troubleshooting Fault - On Site - Multi-Function,Custom,3561,88024,18,{90B690B5-3AFD-4a1c-A30F-6D1F35444928},
4165,4 Asset Energy Tracking,Custom,3561,88014,20,{0C3F258B-CA66-477c-96CA-EBDF6A310347},
4164,3 Asset Authorization & Deauthorization,Custom,3561,88007,27,{365DD3EC-0B4E-402a-85AD-84E2291342CA},
4163,13 General Performance & Integration Requirements,Custom,3561,88118,25,{12FEE66B-91F7-4797-A5C7-3203A3B35922},
4161,PCE Remote LED Bar Context,CompositeStructure,3585,88175,7,{483C3353-0F72-40ab-9984-1E7EC8A46A2A},
4162,PCE Remote LED Bar,Logical,3585,0,15,{BAD65ABA-EEBE-43ac-9FF6-95D471D02F30},
4158,Remote LED Bar,Use Case,3036,88168,11,{62981907-CB76-40fc-8BEF-195F82D9FCCA},
4159,MHE Remote LED Bar Context,Logical,3585,0,21,{75A184E6-1D13-4d7a-A99C-20742E3000DF},
4160,PCE Remote LED Bar Instruction,Activity,3585,0,11,{7F404727-8D46-47f9-AD7C-20068E6CD0F1},
4155,12 Initial Setup & Configuration + Charger Config - Multi Function,Custom,3561,88102,22,{6E82956E-4A22-46b7-9D45-9CEFF67BD592},
4157,Power Station,CompositeStructure,3315,29081,20,{4870F778-F62C-4a48-9FA8-FFFF728B10A3},
4154,11 Physical Installation,Custom,3561,88093,43,{823866C6-763B-4024-A757-3A2C832D628C},
4153,10 Network Connectivity & Configuration,Custom,3561,88085,40,{ABF0110C-B240-493d-BA3A-AA4FF056AC54},
4152,1 Overview,Custom,3561,87989,22,{3BE678B0-7226-4789-8202-2925C752042C},
4150,PCE Contract Manufacturing,Activity,3581,0,5,{1F6A8439-2F62-4ff8-B2FC-5611420EABC1},
4151,2 Asset Registration,Custom,3561,87996,38,{D9C3B3DA-82AB-48bc-A6D3-5882F56659F3},
4148,Record updated configuration in system,Custom,3458,83028,11,{8E1691CE-3D88-472d-A67D-7C6815AA1BD2},
4149,PCBA - PS Control,Logical,1368,0,71,{3F224EF5-72DE-4e70-8154-FF73546D254F},
4142,GSE_SW 2.1.2.1 User Display,Custom,3570,86633,50,{FDE408E3-77F1-4a9d-BA0E-ACC95A9D426F},
4143,MHE Unit - PCE25,CompositeStructure,3713,84775,7,{5DD8FD38-F2B6-479f-96A0-2AD4F7C34B6E},
4140,GSE_SW 2.1.1.3  DIP Switches,Custom,3570,86405,12,{A50AFEB5-314F-454d-83EA-26853D4947D5},
4141,GSE_SW 2.1.2 User Interface Types,Custom,3570,86143,13,{0C372D7C-E557-4269-81B3-671A6EDF0593},
4137,GSE_SW 2.1.1.1.9.6,Custom,3570,87349,8,{B1D9C801-80C4-435e-B6FA-D0E79734CE49},
4138,GSE_SW 2.1.1.1.9.7,Custom,3570,87313,9,{90A4FE56-6D17-4f3d-B8F6-2044DDABB5DF},
4139,GSE_SW 2.1.1.2 Serial Communication Port (RS232),Custom,3570,86403,11,{AC199342-B051-44c0-9C8F-5BB73704BD34},
4134,GSE_SW 2.1.1.1.8 EQUALIZE Button,Custom,3570,87038,6,{FAE0869A-B339-4950-834E-F6857C23EB54},
4135,GSE_SW 2.1.1.1.9 General Data Entry,Custom,3570,87050,10,{342992DB-98F1-43cc-9914-DA9DA0B02535},
4136,GSE_SW 2.1.1.1.9.1,Custom,3570,87051,3,{D8902932-5F48-43a8-9CE3-F06333462EA6},
4131,GSE_SW 2.1.1.1.5 CLEAR Button,Custom,3570,86852,5,{709538DF-2172-4050-A58F-9A14969F3951},
4132,GSE_SW 2.1.1.1.6 STOP Button,Custom,3570,86853,10,{451E4C45-B5A3-439d-B3FF-0A2ACFE9AE73},
4133,GSE_SW 2.1.1.1.7 RESTART Button,Custom,3570,87046,6,{A5D0144B-7F4C-47da-8B5B-604D7AF2666D},
4128,GSE_SW 2.1.1.1.2 DOWN Button,Custom,3570,87122,5,{AA65521F-3B34-4a52-99D9-D074820CF381},
4129,GSE_SW 2.1.1.1.3 SELECT Button,Custom,3570,87121,4,{2C179AFF-9926-4780-98E2-D18F8776776F},
4130,GSE_SW 2.1.1.1.4 ENTER Button,Custom,3570,86503,5,{751D269E-1E1E-4427-9A27-020B4DA73ECC},
4125,GSE_SW 2.1.1 User Interface Input Process,Custom,3570,86232,4,{DC5A66EB-917B-4873-ADE2-198061BF8E00},
4126,GSE_SW 2.1.1.1 Front Panel Interfaces,Custom,3570,86501,12,{B914B95C-6142-499e-97DA-166E5BD884F3},
4127,GSE_SW 2.1.1.1.1 UP Button,Custom,3570,86502,5,{A3D8CDA7-D587-43db-82DC-463808B3A9C8},
4123,GSE_SW 2 Software Requirements,Custom,3570,86025,29,{151CB244-94FE-401b-81B8-4B380B4BCC3F},
4124,GSE_SW 2.1 User Interface,Custom,3570,86026,5,{1E89BD3D-E4EE-4fb8-9B2A-12CC2CD5B528},
4120,GSE_SW 1.4.3,Custom,3570,86411,15,{30A752ED-D67A-4a19-AEFA-7CF9FC479350},
4121,GSE_SW 1.4.7,Custom,3570,86225,4,{3AF790F9-73EE-4fc1-B7D6-B5E853486B43},
4122,"GSE_SW 1.3 Definitions, Acronyms, and Abbreviations",Custom,3570,86133,32,{33195691-575A-4c1c-8650-A236657577CF},
4117,Dual-Vehicle System (DVS) Multi-Vehicle System (MVS) PowerStation,Custom,3570,86022,4,{A197ABB5-0AD4-4818-8DCE-306941130C81},
4118,GSE_SW 1 Introduction,Custom,3570,86024,8,{8598B7C3-773E-42c5-8489-10BABF9D44C6},
4119,GSE_SW 1.4 General Requirements,Custom,3570,86064,18,{98510245-8CCA-4cc0-9B11-040F3B3DAD00},
4115,UL 1564 49 Cautionary Markings,Custom,3416,60163,27,{CAB85632-6217-4758-AE49-1D2B2A8D067D},
4116,UL 1564 Annex A Standards for Components [2010],Custom,3416,80336,17,{4C65A6EA-4650-4fda-B85F-C62FCBA57658},
4113,UL 1564 48 General,Custom,3416,60162,29,{792D3452-E483-4f9e-A08B-FE253508A51F},
4114,PCE25,CompositeStructure,3557,84774,8,{6C63B6C4-0F1E-406b-A29B-5D9B18699F9D},
4111,UL 1564 47 Details,Custom,3416,60160,5,{6E99DAF1-FCB6-4722-8777-6BD52FC0FB19},
4112,UL 1564 (06) MARKINGS,Custom,3416,60189,3,{BC2DCAA1-6C46-4076-AC94-7A5CBE4EDEF0},
4108,On,Activity,3566,85059,9,{F17548F9-EA6B-4216-9D4F-34994FB17C5E},
4109,PCE25 Concept,Logical,3568,0,21,{72D66729-8EF6-436c-B67D-2286521D8025},
4110,UL 1564 (05) RATINGS,Custom,3416,60159,2,{83E3163F-ACD7-485c-8FB3-BF1B5FEC7EF8},
4105,Run,Activity,3566,84944,11,{0935F7F1-349F-4173-8CC6-76B3E9F1CB80},
4106,Shutdown,Activity,3566,84947,9,{5767EB4C-9016-4d88-885D-A16A559635BA},
4107,Turn Off,Activity,3566,84946,5,{D818FC5E-B814-478b-B37E-6F75ACC0460A},
4102,Match,Activity,3566,84942,30,{78DDD2A2-2775-40e7-9EE7-A084FCBE4A5C},
4103,Activate,Activity,3566,84943,9,{9A8887CB-9B7C-419f-A5E9-4A2525102CDA},
4104,ReMap,Activity,3566,84945,12,{26589B74-4A99-4179-A933-18AB7E94B3D1},
4099,Activate A_Parallel,Statechart,3565,84996,1,{777DD70A-047B-4243-A7D3-C62F17100495},
4100,Activate A_Parallel,Activity,3565,84996,4,{781E0F02-DE3F-4120-AEC1-BBD6BD20AC3D},
4101,Off,Activity,3566,84941,27,{5452B4A0-1B08-4f48-BBE5-89A50102435B},
4096,Channel State,Statechart,3567,0,14,{E8A80805-2072-44cb-A438-E215F1C6C9D0},
4097,Local_Contactor,Statechart,3567,84979,4,{FA942965-4F5C-444f-8755-D7195ED8B7CA},
4098,Contactor,Statechart,1013,31311,6,{08BD0FB1-A8E4-486a-9A5F-8D827443D4B6},
4093,B_Independent,Statechart,3565,84914,6,{41F6EF17-20E1-451f-AC6C-AD1E2F302DFB},
4094,B_Parallel,Statechart,3565,84915,6,{D74EEC33-05D8-4faf-82CA-138B96884B8A},
4095,Control State,Statechart,3566,0,11,{D8470632-ED93-40ff-80C0-1A571154433B},
4090,A_B_Independent,Statechart,3565,84916,6,{3A935FFC-BB33-4086-96B2-F593D2BB2BB6},
4091,A_Independent,Statechart,3565,84912,6,{5337C66B-678B-4b6b-AF25-68D951BD7613},
4092,A_Parallel,Statechart,3565,84913,14,{3ACDF44D-2DA3-44b7-B31D-875F9EA204C9},
4087,IPC Mobile App - Posiguard Onboarding,Use Case,3564,0,21,{E1D70FAF-F536-4ea1-9065-B0D21AC9E1F2},
4088,Port Mode,Statechart,3565,0,15,{88C7480D-35B8-48b7-8FF4-4248AEA3301B},
4089,A_B_Idle,Statechart,3565,84917,6,{EAE54879-1735-4272-9384-1D3F53F98035},
4084,UL 1564 27 General,Custom,3416,60120,6,{C49DAA2F-EC22-4053-9ABC-87C3AF4B1C9E},
4085,UL 1564 28 Leakage Current Test,Custom,3416,60121,12,{E2C84B73-6F6B-4185-B6BE-E51E58DCF3C7},
4086,IPC Mobile App - Gateway Onboarding,Use Case,3563,0,37,{FCF42316-FAC2-4bdc-9F84-F3978FF09DA9},
4081,UL 1564 39.4 Blocked rotor fan,Custom,3416,60141,3,{C61AD267-AD4D-4108-9E93-847F16B1989C},
4082,UL 1564 39.5 High voltage,Custom,3416,60142,5,{FFF8B5F9-F4CC-49c4-BAD9-60200736A807},
4083,UL 1564 39.6 Evaluation of reduced spacings on printed-wiring boards,Custom,3416,60143,10,{49BAFB0E-9510-48e9-8C5F-4E18D5ACEC86},
4078,UL 1564 39.1 General,Custom,3416,60138,19,{69A711A5-3C90-4743-96FC-936043CD6842},
4079,UL 1564 39.2 Output short-circuit,Custom,3416,60139,9,{2D298638-2AF3-4a5f-AE58-7E697BAA94E9},
4080,UL 1564 39.3 Reverse polarity,Custom,3416,60140,4,{20D1F1FE-3683-4e17-B1B9-DA9403CE7E2E},
4076,Gen4 MRD,Custom,3561,0,31,{4E61F084-909F-4268-8845-B1BE4EFEA9AB},
4077,UL 1564 39 Abnormal Operation Tests,Custom,3416,60137,7,{99DE3B7C-8940-42f1-9457-1867D76D2760},
4075,Useability,Custom,3451,0,50,{AF63674C-D080-4934-B64C-CED5488E5F72},
4073,PCE25 Thermal - Fire Retention,Logical,3560,0,32,{C597F59C-569A-42d7-B57C-BBE3D0A8E63A},
4071,Save charger settings,Custom,3367,83027,10,{3836AC59-E48C-456c-B378-CC69762118D4},
4072,PCE25 Thermal - Flammability,Logical,3560,0,33,{90C6BB07-9E42-4517-8F49-A4BBAFA57914},
4069,Enable/Disable External Charge Control,Custom,3367,83041,7,{24B2F370-F467-4d00-8C7F-AAD6C3F09B2A},
4070,Change Temperature Readout,Custom,3367,83050,10,{91078CF7-8663-4461-A1D0-3D5029B37730},
4068,PCE25 Thermal - Fire Resist,Logical,3560,0,47,{660691D8-50B8-4ca4-974D-7EDC98FA900B},
4066,PCE25 Thermal - General,Logical,3560,0,28,{8C869B6E-3D40-4ba6-9CFA-1B40E2D24FBA},
4067,PCE25 Thermal - Operating & Storage,Logical,3560,0,21,{DA4A4F69-7DB1-4e67-9187-E7C326262EE4},
4064,PCE25 Serviceability - General,Logical,3560,0,19,{9ECC0D3F-F2C8-4bba-99A5-5A836790EC95},
4065,PCE25 Interfaces - Anti-rotation,Logical,3560,0,24,{A6CC08A1-0C85-4494-86B3-B2A15E1BF467},
4062,PCE25 Serviceability - Installation,Logical,3560,0,29,{7AEBBDC4-D6E6-4873-9A4E-92E493FEA0F9},
4063,PCE25 Serviceability - Packaging,Logical,3560,0,30,{0009A41B-81AA-4e69-B259-C6795BDD7111},
4060,PCE25 Mechanical - Metal Thickness,Logical,3560,0,36,{F499854D-14B4-4099-9AB9-E2D8B986B2F9},
4061,PCE25 Serviceability - Access Panel,Logical,3560,0,26,{607FB777-9D17-4f6a-BD8A-BD51D4DEC55D},
4058,PCE25 Mechanical - Enclosure Opening,Logical,3560,0,43,{42E9ECEF-F36D-41c5-A32C-A083183E25BC},
4059,PCE25 Mechanical - Edges,Logical,3560,0,20,{7B23456C-2610-4db8-8009-437C558E30C1},
4056,PCE25 Marking - Regulatory,Logical,3560,0,19,{683FE040-672A-4d51-A9AB-B36F5CCEA2E9},
4057,PCE25 Mechanical - Tracking Index,Logical,3560,0,29,{B2E60F35-1D73-4e71-B060-1D10A8547AB2},
4054,PCE25 Marking - Branding,Logical,3560,0,18,{CFA0E0B3-7BE7-42f4-A910-FDB5B813EA74},
4055,PCE25 Marking - Safety,Logical,3560,0,28,{BB48EF85-2E26-460e-B466-240CA1E5A9D0},
4052,PCE25 Interfaces - Field Wiring,Logical,3560,0,24,{2911D29F-90CE-4681-8175-B0D1404E9113},
4053,PCE25 Interfaces - Terminal,Logical,3560,0,27,{213BD416-626C-49d2-B1CF-B9226756F24E},
4050,PCE25 Interfaces - Ground,Logical,3560,0,36,{C16DCA25-D575-4ee0-A0DB-3A3D4B86520E},
4051,PCE25 Interfaces - Input/Output,Logical,3560,0,27,{7C0C515B-44D8-4068-ABF9-9848D8FE88AD},
4048,PCE25 Environmental - Chemical,Logical,3560,0,23,{85260332-3FD7-4cf8-B355-D907E652F54A},
4049,PCE25 Environmental - Ingress,Logical,3560,0,25,{8D4CEE6D-585A-4b6c-B144-2077238F2226},
4046,PCE25 Serviceability - Product,Logical,3560,0,37,{9A949AF0-E90B-4d5b-A18F-FE0C421188EA},
4047,PCE25 Durability - Cable,Logical,3560,0,26,{6FE24E14-2699-45ad-9E8D-FA78AD54E8B5},
4044,View Fault Data Logs,Custom,3367,81564,18,{CF10D81B-EF43-4462-9150-59D2C21B5749},
4045,Review detailed fault information,Custom,3367,83656,12,{AC48A3A7-34DA-4b14-919E-33E9B4358BA1},
4043,PCE25 Mechanical - General,Logical,3560,0,49,{5039D75D-25CC-45d3-8818-4EC194213815},
4041,Detect Fault(s),Custom,3367,83642,14,{76FB5E0F-6551-4021-94BE-893E625C4646},
4042,PCE25 Marking - General,Logical,3560,0,23,{83E0DB94-AEC1-43bc-8674-67BF627BB59E},
4038,Monitor Faults,Custom,3367,83641,25,{29D9AC8A-9DDA-4508-A4DE-29D28611A375},
4039,View Diagnostic Data,Custom,3367,81685,3,{0E3AD6D2-9720-41e1-B814-5CD6C9422E5D},
4040,Resolve Fault,Custom,3367,84669,3,{B9AED4C9-855E-4a54-AB08-6234C88C1EE7},
4036,PCE25 Interfaces - General,Logical,3560,0,20,{A7D35E49-E83F-46a5-B621-82F030C4C098},
4037,PCE25 Regulatory,Logical,3560,0,39,{2FDD369D-273F-4998-A82C-A4F0E9ADB5AA},
4033,Detect Fault(s) - Fleet,Custom,3367,83645,0,{33537114-8FE8-4762-9030-4C0CB10BCF0D},
4034,Access Cloud Portal,Custom,3367,81799,10,{8C55B4AE-2FA9-4740-A265-9A4F637654B6},
4035,Apply Search Filters,Custom,3367,83513,14,{1B9C2180-D662-472c-82D5-E8AD7E02F213},
4031,PCE25 Environmental - General,Logical,3560,0,35,{8CBC6D14-FFB6-4f3a-93DA-C27BB9A07911},
4032,Detect Fault(s) - Single Asset,Custom,3367,83644,17,{5ED494B9-F38C-49f4-B991-723E91F7E36A},
4030,PCE25 Durability - Enclosure,Logical,3560,0,30,{BD7EDA8C-5A03-44ec-A578-54A8F5EEB9BA},
4029,PCE25 Communication,Logical,3560,0,41,{2EDC1B05-06D0-4c96-A754-B67443E2EDA5},"The PC Edge has a ""Stop"" push button, not an EPO."
4028,MRD PCE 10 MARKETING,Custom,3180,68877,46,{50565793-FCA9-4232-BA00-FD7719D79FD1},
4025,MRD PCE 08 BMID,Custom,3180,69078,13,{EEF535F5-3733-4006-A1ED-35CCB64F9F42},
4026,MRD PCE 8.1 BMID Purpose,Custom,3180,68900,3,{2D239E50-D41A-4532-91A5-DA1E7A1A2159},
4027,MRD PCE 09 FIELD SERVICE / COMPATIBILITY,Custom,3180,68880,21,{42773E8B-7516-492f-9935-92AC7777D274},
4023,Select Network Protocol and Input Details,Custom,3367,81988,10,{1A68F80A-1D55-406c-BF22-DA1E87A2D828},
4024,MRD PCE 7.8 Environment,Custom,3180,68936,23,{FC29FEE9-C5AF-46d6-AA74-3909B82E4C23},
4022,MRD PCE 7.7 Performance,Custom,3180,68970,55,{B852840A-8C1F-4a0b-B967-06B3A3EDE197},
4021,MRD PCE 7.6 Functionality - Mechanical Requirements,Custom,3180,68995,50,{619087DA-FC84-49e0-BCAD-4B92009C94A1},
4020,MRD PCE 7.5 Functionality - DC Output Requirements,Custom,3180,69013,40,{59370899-49A4-4b24-A7A6-CC223730C0A1},
4018,MRD PCE 7.4 Functionality - AC Input,Custom,3180,68953,33,{4B76E03A-8A08-484d-9799-E95828B2042D},
4019,Assign/Input Charger ID,Custom,3367,83241,9,{528CE018-F3D2-4a95-87AA-1A9372CD2769},
4017,MRD PCE 7.3.6 Mobile App Wireless Communication Protocol,Custom,3180,68927,28,{EED12C9C-0A93-45b2-ADD2-17C75A548A79},
4016,MRD PCE 7.3 Functionality - Control Board & Interface Requirements,Custom,3180,68922,49,{B59746AE-4751-4b1b-9093-CBD39CE51D3F},
4014,Configure Charger Remotely,Custom,3367,83022,25,{A87CB64A-10B9-4944-B01B-CFBD53B9E0F1},
4015,MRD PCE 7.2.26 Wireless Communication,Custom,3180,68971,13,{748B1116-B21B-4d4e-9BE7-93229C0A9AC1},
4011,View Charger Settings,Custom,3367,83024,12,{816DA532-FBA5-41fa-8F99-8E97F08B8296},
4013,Configure Charging Parameters,Custom,3367,83026,33,{89147FE2-B53B-44f8-A568-EC6A9B1129DA},
4009,Configure Charger on Site,Custom,3367,83023,21,{7A6291D3-4042-4f25-AFA8-7DC8571F4ED7},
4010,Access Configuration Interface,Custom,3458,81765,13,{DD9789A5-DCF6-441e-A449-5622AF496F9D},
4007,MRD PCE 7.2.16 Energy Savings and Demand Management,Custom,3180,69036,11,{AE952146-E63B-4fc0-9364-0A2F0BF8B4DE},
4008,MRD PCE 7.2.20 Equalization and Recovery Charge,Custom,3180,69045,9,{7DDC37A9-13D0-49d0-A712-0BA33A86E844},
4005,MRD PCE 7.2.14 Battery Table Updates,Custom,3180,68996,6,{05FFFCAB-3BE5-4567-89CE-D9D0DF5783C4},
4006,MRD PCE 7.2.15 Multi-Mode for Charging,Custom,3180,68998,28,{ECBD7477-73DE-423c-B3D1-CF5F23B9A1AF},
4002,MRD PCE 06 ORDER FUFILLMENT / MFG / SUPPLY CHAIN CONSIDERATIONS,Custom,3180,68887,17,{60AE35FD-771F-4ada-908D-5CBF20F81BB0},
4003,MRD PCE 6.1 Order Fulfillment Cycle Times,Custom,3180,68888,2,{289AF5B8-DA88-4ab1-BF27-65C4047159E4},
4004,MRD PCE 6.6 Product Package and Shipping,Custom,3180,68915,7,{D015FD48-0454-4d8c-91AA-454C689A19C1},
4000,MRD PCE 5.1 Safety Requirements,Custom,3180,68872,8,{045FB7A7-88F1-4ee8-9070-7238E4BB6012},
4001,MRD PCE 5.2 Regulatory Requirements,Custom,3180,68873,22,{B1B5A6A0-23CE-4c39-844D-71CEC4586AE0},
3998,Configure Charger via Gen IV Control Board,Custom,3367,83019,13,{7ACE331A-AC02-4e92-9517-EA6E3D9D1F53},
3999,"MRD PCE 05 SAFETY, REGULATORY / DESIGN FOR ENVIRONMENT-PRODUCT STEWARDSHIP",Custom,3180,68871,11,{48A7CBAF-CC99-4bd5-AE4A-1746C90CC360},
3996,"MRD PCE 04 WARRANTY, RELIABILITY, SUPPORTABILITY",Custom,3180,68905,15,{838EFC18-C2EC-4e9b-B469-53A0AC942C20},
3997,MRD PCE 4.7 Installation and Service Requirements,Custom,3180,68908,23,{6DEA431B-83F7-4a41-9851-C0D69F6C0E7B},
3994,Review installation manual,Custom,3371,81200,26,{33CB2D59-CDFD-45a4-9657-EE2899C7BE35},
3995,MRD PCE 03 CUSTOMER,Custom,3180,68884,9,{7CEA6DC8-F502-401d-9970-27F2025BBE8F},
3992,UL 1564 25.4,Custom,3416,80465,4,{A101E470-20BA-4c1c-BE27-D57CECE03FA4},
3993,UL 1564 26 Bonding of Internal Parts,Custom,3416,60118,20,{9CA52E16-0AC8-4ba5-9BF7-A57D8ED2A1F9},
3990,UL 1564 24.4 Control circuits,Custom,3416,60116,36,{9F893F96-B35E-4d52-A69C-DB47F6286A5C},
3991,UL 1564 25 Grounding,Custom,3416,60117,16,{733A9DE5-D0A7-4c5f-B3C4-06AE2C968C1E},
3988,UL 1564 24.2 Insulation barriers,Custom,3416,60114,12,{F79BBB8F-5058-477e-AB22-C531F45ED180},
3989,UL 1564 24.3 Alternate spacings � clearances and creepage distances,Custom,3416,60115,16,{7AD3B973-B6BB-41b1-A57E-D20C8EE6645A},
3986,Check for Deviation Information Label,Custom,3458,84131,8,{88A6389F-6802-411f-B38B-CCFFD08D7BAD},
3987,Unpack the Gen IV Control Board,Custom,3367,81742,10,{CB9F94D2-AF79-4432-97EE-5AD4B42796FB},
3984,UL 1564 24.1 General,Custom,3416,60113,34,{6DFD8D3D-8EB0-4b9a-8BE0-12A63A43C0D0},
3985,Inspect the unit,Custom,3371,81197,7,{8D4711F8-917C-4357-8C7E-A01A24098B88},
3981,UL 1564 14 Internal Wiring,Custom,3416,60092,9,{CAB2E9FD-CE22-43ca-A34D-00A021A99052},
3982,UL 1564 11 Supply Connections � Cord- and Plug-Connected Products,Custom,3416,60086,4,{A3686A94-F082-4390-8DE2-C3159D39488A},
3983,UL 1564 24 Spacings,Custom,3416,60112,5,{D6271DDB-016C-45c6-9179-79E6C7625252},
3978,UL 1564 22 Capacitors,Custom,3416,60110,9,{7E0438D4-C3E4-4749-B724-D7213E345103},
3979,UL 1564 23 Printed Wiring,Custom,3416,60111,13,{7CFAB363-BAEE-42b6-8EB4-AAD93610D794},
3980,UL 1564 17 Transformers,Custom,3416,60103,3,{B27ACC42-00CA-41fa-A03B-84EB78E6D817},
3976,UL 1564 20 Overcurrent Protection,Custom,3416,60108,28,{B0A9F774-8DAD-4280-B1C8-FB098C8DCF13},
3977,UL 1564 21 Lampholders,Custom,3416,60109,6,{EE83F3C2-D087-4eab-AAE5-71D2488C0A0C},
3974,UL 1564 18 Resistors,Custom,3416,60106,5,{517AE7A0-8960-45db-B499-4E4E251D95DE},
3975,UL 1564 19 Switches and Controllers,Custom,3416,60107,13,{D2FD4B36-BEC7-42bc-BA4D-5B9F4C041328},
3971,UL 1564 17.1 General,Custom,3416,60104,6,{66BE90F3-E119-49c3-A3ED-FEE359296BB4},
3972,UL 1564 17.2 Coil insulation,Custom,3416,60105,10,{24EC4A7C-9A38-40e7-B792-1EF3B2B0F6D5},
3973,Test Network Connectivity,Custom,3367,83035,11,{AF1620D6-104D-4109-8ED7-F8A5383FF90E},
3969,Configure Network Connection,Custom,3367,81761,6,{C90B3C52-1E67-4d30-A2A0-F18111AC44AB},
3970,Thermal Design,Logical,3450,0,22,{4B3DB24F-D3FF-4fff-AD2E-D08DD573C571},
3966,Configure Network Configuration On-Site,Custom,3367,81795,29,{ECA12BA4-39C4-44ed-9BB6-6448F61FBF5C},
3967,Configure Network Connection,Use Case,3367,81761,6,{E2547F5A-CCBF-4b91-9552-7C2C13A54DC4},
3968,Configure Network Configuration Remotely,Custom,3367,81796,27,{EC1F06B8-BD5D-45e3-8662-BCEC8F135412},
3963,MRD PCE 7.10 Accessories,Custom,3180,68934,6,{BE7FB139-EDD6-4783-9BBE-EF5A3083B2E3},
3964,Configure Network Configuration On-Site,Use Case,3367,81795,16,{915A9C07-9ABA-4710-AC56-A19C1150202D},
3965,Configure Network Configuration Remotely,Use Case,3367,81796,16,{72EF1473-6577-44ed-9488-D2C37F40A7F4},
3960,IPC Mobile App - Modify User Account,Use Case,3549,0,17,{8C547C22-9448-41b4-94EF-4B922720961C},
3961,IPC Mobile App - Remove User Account,Use Case,3549,0,8,{AB150742-2A5A-44bc-A987-17BD798BC8FD},
3962,IPC Mobile App - Manage Groups/Sites/Locations,Use Case,3556,0,1,{B8762FB2-1ECA-4f0e-935C-B7C66F42B0E0},
3957,Verify Physical Installation,Custom,3367,81755,9,{F3AD75AB-CAB6-49b3-A147-F757D642B0E1},
3958,IPC Mobile App - Account Management,Use Case,3549,0,9,{C2D1146D-122D-4de4-B53F-A4438A2EC8DF},
3959,IPC Mobile App - Create Authorized User,Use Case,3549,0,17,{7D065328-28F2-49f5-A5FF-C9203D11BD60},
3954,Connect Required Wiring,Custom,3367,81751,8,{7D1018E1-1207-41f9-9459-95E96745C741},
3955,GSE Context,CompositeStructure,3950,79911,1,{CCA07D84-0228-412a-8461-DA725157F854},
3956,IPC Charger Context,Logical,1244,0,9,{E579A01C-DA83-4ae7-B317-C4D34F5DD4A8},
3952,Remove Skylink Kit,Custom,3367,82494,13,{F80E9732-F361-47c4-87C1-0E01DF5207BA},
3953,Install New Front panel w/ Gen IV Board,Custom,3367,81747,14,{EE2A1AAD-1CA3-4e41-B89A-12E91D918FDD},
3950,UL 1564 16 Motors,Custom,3416,60102,9,{80F6B7AF-DC62-49f4-A83E-0C3523375A53},
3951,Remove Old Front Panel,Custom,3367,81743,21,{BA656A85-4A6B-4c23-A2E9-883060E02198},
3948,UL 1564 14.8 Separation barriers,Custom,3416,60100,8,{94973E1B-C60A-4c19-B03B-797523E797FF},
3949,UL 1564 15 Insulating Materials,Custom,3416,60101,11,{9881ED60-3BBC-4a43-9AD3-EFA64BE02ECE},
3946,UL 1564 14.6 Factory wiring,Custom,3416,60098,6,{E82E3E27-0B58-4910-BAEE-38F0BCDF5121},
3947,UL 1564 14.7 Field wiring,Custom,3416,60099,11,{0BC50DC2-3F1F-4ab0-B33A-8211C16CFE15},
3944,UL 1564 14.4 Electrical connections,Custom,3416,60096,27,{F7A6530C-32FC-4638-B09D-7CFDB9EDEFAB},
3945,UL 1564 14.5 Separation of circuits,Custom,3416,60097,7,{C29A5336-D60A-442f-9C16-48DFEE1DB7EE},
3942,UL 1564 14.2 Tubing,Custom,3416,60094,7,{77F9C80D-B7EA-4dab-A62C-66A5B181D60B},
3943,UL 1564 14.3 Protection of wiring,Custom,3416,60095,12,{C4DD8DE4-BD1A-4b3b-8CE8-A2494BC2E004},
3940,UL 1564 10.2 Field-wiring terminals and leads,Custom,3416,60085,30,{A68959FD-1860-4e6b-A4F9-C36865229F7B},
3941,UL 1564 14.1 General,Custom,3416,60093,14,{B446ED9F-B577-4f7f-A798-D2FD1FA7F733},
3937,Attach Deviation Number to Manufacturer's Label,Custom,3458,84130,3,{15EB52FE-648A-467e-B8A7-AF008BEAB03A},
3938,Sign Off on Installation,Custom,3371,81605,9,{523544C9-E9E8-44fe-B311-626A359CD8B9},
3939,UL 1564 10.1 General,Custom,3416,60084,19,{DB1C1D85-FE70-4f3d-BD04-04658B0B4AAE},
3935,Test Basic Functions,Custom,3367,80902,6,{EA435C6B-DED5-42d3-8D4E-F26E07D21A2D},
3936,Test Installed Unit,Custom,3371,80900,25,{069F08F2-C2E3-435c-BF89-FDD257FDCAA0},
3933,"Assign other parameters to Gen IV Board (date, time, etc.)",Custom,3367,81816,14,{8F1C3306-E0EF-472a-BF8D-931BE681FD7D},
3934,Update Software,Custom,3458,84132,10,{14E9FA20-85A2-4cda-B32C-19EF03474F51},
3930,HVPS 150,Activity,3144,0,15,{B4C98416-1BE9-49c2-9959-673D5FD6F1C8},
3931,Configure Gen IV Board for Charger,Custom,3367,81826,10,{1184A9CA-C757-4148-85A8-7E29D358700C},
3932,Assign Gen IV Board Serial Number to match Charger Serial #,Custom,3367,81762,4,{073C6473-C41C-45c8-A91D-7BB6C15B056F},
3927,Remove Tag-Out Lock-Out,Custom,3458,84204,2,{1CF2D708-4235-43a9-A490-1F7BA75B1D72},
3928,HVPS 150,CompositeStructure,3144,59966,6,{2F66554A-FF9E-47d8-8B13-B1799B5C791E},
3929,HVPS Electronics,CompositeStructure,3144,59973,4,{70B31B8E-B2C0-4d92-ADFD-0FC8D560F6E6},
3925,Power on the Unit,Custom,3367,80901,17,{1ABFD80B-3D53-4b5d-A314-B712BF03D6AB},
3926,Communicate to cloud,Logical,3952,81409,24,{4F01B712-10A2-4c60-B4A5-EAE197ED5C13},
3922,Prepare Physical Installation,Custom,3367,83550,8,{CB65AA7D-BC1C-4ae6-AC31-5074D0C5AE01},
3923,Gen4 Use Cases,Use Case,3458,84494,2,{980CEE9E-1197-4995-8D75-2344A57D9A11},
3924,Verify Data Points,Custom,3367,81813,9,{F8F0CC43-BB39-4029-9A54-D8E1D32776FA},
3919,Electrical - DC Boost,Logical,3554,0,0,{578FB17C-D485-44ce-9891-ADDB43C42086},
3920,Import,Custom,3413,0,1,{79780CC1-4D6E-4a47-BED8-ACA0882DD55B},
3921,Gen IV Board - Physical Installation,Custom,3367,81741,46,{15892A5F-8CD2-4025-B300-DE2151C4375C},
3916,2.6 Agency/Reliability Requirements 2.6.03-2.6.16,Custom,3318,78233,40,{DE6AAD4C-8310-4334-8378-006186C661A6},
3918,Delta arc,Use Case,3483,0,8,{88ED2917-9022-43d6-99DE-E716E73A8214},
3913,Troubleshooting - Take Action to Resolve Fault,Use Case,3551,0,7,{69CF5C4B-E13A-40e8-8F23-C712BDA005D0},
3914,Troubleshooting - Generate Fault Report,Use Case,3552,0,15,{AEC3DD54-E8E5-4dda-96CD-69B2FFD4BBAD},
3915,EU,Custom,3553,0,0,{1984716D-8264-4064-89E9-B9EDBEA8D179},
3911,Gen4 Control - Design,Logical,3548,0,25,{4D193212-DC7D-427c-96B9-B6A949AA2EA1},
3912,Troubleshooting - Run System Diagnostics,Use Case,3550,0,26,{DB493934-0F0C-4636-8CBD-5854F7A6A298},
3910,Gen4 Control - Function,Logical,3548,0,47,{44752D5A-AEFD-408f-8243-7DAD8F6FFCDD},
3907,Troubleshooting - Assess Fault,Use Case,3546,0,21,{907447AB-71F3-431a-B053-F87EE7CDE85B},
3908,Troubleshooting - Gather Diagnostic Data,Use Case,3547,0,53,{5300DB91-68BF-4fb7-8832-9F25E7834942},
3909,ASM Gen4 Control - Structure,Logical,3658,0,20,{4375DFA6-721C-4393-BD20-F6EFE364CA51},
3904,EN 1175 2 Normative references,Custom,3542,83771,30,{FE356CEE-C1B5-4253-8AE0-E7F57CDD7D2E},
3905,Gen IV - Troubleshoot Charger (On Site),Use Case,3544,0,15,{054DB8C3-A75E-46c7-875F-841996E1B764},
3906,Troubleshooting - Access/View Fault,Use Case,3545,0,33,{5EA5800D-E552-4539-B2D0-36AA89F109A9},
3901,Connect to BMID via Bluetooth,Use Case,1191,81694,3,{6DD68066-EA5D-419e-874B-730B7681935A},
3902,Scan for Nearby devices,Use Case,3511,83701,2,{37C94875-0E44-4da7-AC59-3DAE083FB2DE},
3903,EN 1175 2020,Custom,3542,58615,18,{58534D7C-DE42-4f6a-81CC-3C1E4D67E75E},
3898,Gen IV - View Fault Data,Use Case,3540,0,18,{55898B67-E7E6-48a4-A33D-0A2D9DCAEEA9},
3899,Gen IV - Take Action on Faults,Use Case,3541,0,22,{89D8A439-529E-4ed7-8E48-ED5259DB6F8D},
3900,Enclosure - Industrial,Custom,1125,28034,12,{3592E5E4-1EFC-44f9-9487-AEF7D92EE253},
3895,Gen IV - Monitor Faults,Use Case,3538,0,16,{649F8800-95B9-4136-A147-5BC9DF5B63FF},
3896,Gen IV - Detect Fault (Fleet Level),Use Case,3539,0,28,{4EB14BC2-5ADD-449e-A45B-409F0496D4B9},
3897,Gen IV - Detect Fault (Single Asset),Use Case,3539,0,27,{401E7DA6-EE3C-44a4-BE7F-1DCD27EF7E25},
3893,Communicate context status,Logical,3952,81363,21,{7C19CA32-0617-4f2a-8F6A-0C2DD5B9CFA5},
3894,GENIV Control Board Engineering Requirements,Custom,3537,0,4,{62E8EFBC-482E-4f87-81B0-68F863008B15},
3890,Charge On-Road EV using HVPS,Use Case,3533,83600,57,{FB2D9AFC-B46F-46c3-92AC-089D1B118758},
3891,Use Cases - Configure/Change Parameters,Use Case,3367,84484,4,{AFF85CD4-A60E-4ab8-A6D6-47CBE4A20F57},
3892,Dual Output Sequencer,Logical,3536,0,5,{332D253A-255B-4fe8-9BC4-C673F369A21A},
3887,Prepare for Installation,Use Case,3371,80872,15,{D8A2B7C1-229E-4a0d-97BE-EE9C91FB8778},
3888,Installer,Use Case,3371,80863,42,{65DFD16D-6BE4-47b2-81EA-7ED8C972C53E},
3889,EQ Reliability,Use Case,3956,78040,14,{86FD98BD-9C89-49c7-8926-D104FB6FEC4D},
3884,E30: Software Update Bootloader,Custom,1454,31898,9,{563241B3-DE07-402c-9EA0-661FC84CDD54},
3885,Generate Energy Usage Report for All Assets,Use Case,3527,0,41,{07B7A878-172D-48b2-9614-67D81CA66A3A},
3886,Generate Energy Usage Report by Site/Location,Use Case,3527,0,46,{F058F365-6EEF-4874-AE5E-D47DD23ACBD0},
3882,E27: Blue LED - Water Level Sensor,Custom,1454,31895,17,{A22C1511-4923-4b75-B89F-C3828F0C4592},
3883,E29: Factory Setup,Custom,1454,31897,11,{34ABC479-BE77-4bb4-84B0-A4546A2F40DD},
3880,E25: Green LED - Power,Custom,1454,31893,14,{C73C12B2-BA9A-4235-8429-2CF58E308F22},
3881,E26: Orange LED - Bluetooth,Custom,1454,31894,14,{E7528419-FFFE-4975-8D01-A824631766AC},
3878,E17: Real-Time Date & Time,Custom,1454,31885,9,{C7A476B7-20DD-4c3a-9F88-D2DD37D889EF},
3879,E24: LED Visibility,Custom,1454,31892,14,{21D586DC-DAAA-4fbe-B378-E6386F266E23},
3876,E23: Battery Temperature Measurement,Custom,1454,31891,13,{95CB935E-8254-4b3c-A31C-8AACB11144EB},
3877,E16: Real-Time Date/Timestamp Log,Custom,1454,31884,10,{3AD85CA9-B6F3-4473-A38F-C611BA34FE06},
3874,E21: Battery Current Measurement,Custom,1454,31889,11,{1EC4C7C9-39FA-4d24-A69F-4AC0E435262B},
3875,E22: Current Measurement - Cables,Custom,1454,31890,12,{B46CFD52-A74B-4e1a-9E34-C28097D3D0B3},
3872,E19: Pack Voltage Range,Custom,1454,31887,13,{BC14F065-BFD4-49c0-8DA9-5992409EA150},
3873,E20: Battery Voltage Accuracy,Custom,1454,31888,13,{4BC0F1FD-803D-4e0a-8A6D-93C435B18E72},
3870,E15: Wired Universal BMID Support,Custom,1454,31883,13,{4A6B2DCD-EB13-416b-A076-E150DC5B74E4},
3871,E43: Support Webasto Universal BMID Protocol,Custom,1454,31910,14,{AC6361A8-FFC5-437a-B053-C0309A0651A8},
3868,E11: Real Time Data Transfer,Custom,1454,31879,6,{E42A1C3E-00EA-4115-BBDD-4FBD7724A85E},
3869,E13: LoRa Communication,Custom,1454,31881,6,{53EFE43F-F6FB-443a-84C4-BBC0568E663E},
3865,E42: Support U-Blox LE-SPS Interface,Custom,1454,31909,4,{7C87EBC1-3F2F-439d-B396-8F401D723AD9},
3866,E47: Battery Information Readability,Custom,1454,31914,9,{995A87D8-DE58-4158-9EBC-A5EA7EB64522},
3867,E05: WiFi Capability,Custom,1454,31873,1,{BCDFFEE5-74C7-4c04-9A5A-854819176726},
3863,E10: Bluetooth Low Energy Communication,Custom,1454,31878,14,{B0A5363D-069A-487c-9933-AAC9314AC1B3},
3864,E41: BLE Advertisement,Custom,1454,31908,6,{E4B58D8A-EB59-49f1-82A4-22D6F6DCC28F},
3861,E03: Data Transmission Range,Custom,1454,31871,10,{F915608C-AB5B-47a9-8A8C-8CD8A53F13AB},
3862,E04: Bluetooth Low Energy Connection,Custom,1454,31872,10,{7922C6AB-9141-411b-86E3-86D4DA92F78F},
3859,05 Product Design,Logical,1652,0,12,{96F71BD1-24BA-4e66-98CE-A5790C587226},
3860,"TP0001: Advertisment, Scan, Data Verification (LoRa Range)",Custom,3314,78114,14,{C653EB8B-6A82-43c4-BE33-D623FBA2E65B},
3857,Generate Energy Usage Report by Client/Airline,Use Case,3527,0,47,{51366155-9654-44b4-99F9-819EA2A45F2F},
3858,Interface Design,Logical,3445,0,12,{80C433AA-821A-4445-9A95-363FD8AFCB87},
3854,Gen IV - Map Energy Usage to Assets,Use Case,3521,0,4,{0CF35E29-E823-4c07-94E4-1445B28089C8},
3855,Gen IV - Generate Energy Usage Report,Use Case,3522,0,8,{00665936-2EDA-424d-8C7C-5298BD4F6BB3},
3856,Gen IV - Generate Energy Usage Report (Single Asset),Use Case,3522,0,55,{0F469BFF-6C85-435a-AD92-EAA0373E4490},
3852,Manage Energy,Logical,3954,23012,8,{8B878F2B-6A14-4f64-BAAE-352195D28087},
3853,Operate System,Logical,3956,54793,11,{77E8FB83-33CF-4963-B6EF-286C1CF6EE5A},
3850,Gen IV - Bulk Asset Registration (Vehicle),Use Case,3520,0,26,{1EB78ED6-28B0-480f-9459-8D24BB7135BA},
3851,04 Product Function,Logical,679,0,12,{6A1561B8-10E9-4845-AFA4-7DD0A5BFBE2B},
3847,Gen IV - Asset Tracking,Use Case,3519,0,8,{97CE4AE7-F48D-4218-A120-DA1593AAFCE0},
3848,Gen IV - Asset Registration,Use Case,3520,0,7,{FE1C54A5-3460-48ae-BA1E-1A8BBF73DBB6},
3849,Gen IV - Individual Asset Registration (Vehicle),Use Case,3520,0,29,{6CD4BD04-98C5-4663-818A-DEAAD6CDD519},
3845,Electrical Design,Logical,3442,0,15,{B20EE25F-2E96-4758-8153-9CA9C071ACAC},
3846,Environmental Protection,Logical,3444,0,11,{F4F39BBA-673F-40fa-9387-A5332A0EC463},
3842,4.0 Features for Additional Phases of Development 06-10,Custom,3517,83386,6,{F9A3DBDA-EB7D-4844-BA0D-B730986D1F9A},
3843,4.0 Features for Additional Phases of Development 11-13,Custom,3517,83386,4,{B5173C4F-4A30-4354-9DA8-A8877D9B5772},
3844,Durability,Logical,3441,0,8,{5ECD5164-3181-4ba3-B686-84C738C77259},
3839,3.0 Nixed/Old Requirements for Phase 1 01-05,Custom,3517,83387,6,{DAC1D798-D42E-4569-9C16-BE5E395D680D},
3840,3.0 Nixed/Old Requirements for Phase 1 06-09,Custom,3517,83387,5,{9FB193CB-2BF5-4ed2-8B09-DCCBE43BE93E},
3841,4.0 Features for Additional Phases of Development 01-05,Custom,3517,83386,6,{531CA348-3D24-44c7-BB8B-87D3C012F96A},
3836,2.0 Phase 1 Features 07-12,Custom,3517,83388,8,{8B9DF9BA-1830-4b74-ABB1-65D9E2340BF3},
3837,2.0 Phase 1 Features 13-18,Custom,3517,83388,9,{9707F2DE-508A-480e-926D-7E5D534B0CA4},
3838,2.0 Phase 1 Features 19-24,Custom,3517,83388,7,{FE88D694-EFAA-4c16-8CCF-BECCC2856C98},
3833,Access Control - Authorization,Use Case,3509,0,6,{09936725-21E6-4be4-A6DE-0824B19AA97C},
3834,PosiGuard App MRD,Custom,3517,0,7,{68FB4B10-B897-4d74-9BD3-A8049555131A},
3835,2.0 Phase 1 Features 01-06,Custom,3517,83388,30,{E01EBB83-0741-47d7-9524-F7EA282754FF},
3829,UBMID Mobile App - Bulk BMID Configuration,Use Case,3510,0,31,{D0B29D01-E04E-4f20-99D6-13EA0F2A5F1E},"<ul>
	<li>User selects the ""Save Configuration"" option in the app menu.</li>
</ul>
<ul>
	<li>System extracts and saves the configuration settings of the source BMID.</li>
</ul>"
3831,Access Control - Authorize from Site/Location List,Use Case,3507,0,19,{25BF584E-C772-4a2c-856E-DACFD404878E},
3832,Access Control - Deauthorization,Use Case,3516,0,1,{9354A344-D26A-42dd-8291-CEECA5BBD44A},
3825,SkyLink Changes,Activity,3513,0,9,{BF8647CC-BDDA-4c21-A36D-BDD9EC21D6D3},
3826,Access Control - Authorize from Company List,Use Case,3507,0,20,{AB09BABB-326A-4daf-BEAE-016FD85046AB},
3828,UBMID Mobile App - Re-Configure BMID,Use Case,3510,0,33,{58263539-E3FB-4412-ACB0-6DDA18A60C93},
3822,UBMID App - Initial BMID Configuration,Use Case,3511,0,29,{524BD382-B30C-4720-AAB5-02F1B5310335},
3823,UBMID App - Input BMID Parameters,Use Case,3511,0,34,{9D8BC313-8C48-4171-B6B0-206EEBEAE35E},
3819,Access Control - Bulk Authorization,Use Case,3508,0,22,{0BCBC29C-71E7-4ffc-ADAD-DBBD5EE75EB2},
3820,Access Control - Authorize from Deauthorized List,Use Case,3507,0,27,{55E6A14C-FCF7-45e8-ACDF-82F6892A6AA3},
3821,UBMID Mobile App - Update BMID Firmware,Use Case,3510,0,21,{6AB85136-F3A1-42fd-A1E2-A1ACAC23A440},
3816,UL 1012 42 Temperature Test,Custom,3534,60277,6,{EB755680-22FE-4035-8DE7-C1817FF8957D},
3817,Access Control - Initial Authorization,Use Case,3506,0,19,{EFB73561-8C43-4f1d-9418-A59E7586FD3F},
3818,Access Control - Authorize from List,Use Case,3507,0,8,{90339E6D-73FA-45a1-80FC-C6BD33DFDC7A},
3812,PosiGuard,Activity,3731,0,3,{AC9E19C5-6EA8-4e64-B81B-C4B11BFBCC87},
3814,Access Control - Authorization & Deauthorization,Use Case,3505,0,30,{834FBA52-F7E2-49da-AD33-F663DC45297C},
3815,Gen IV Board - Configure Accessories,Use Case,3458,0,2,{9A791F52-5671-48b7-BA34-2E75C2A4A574},
3809,3.5 Command Layer,Custom,3503,83173,7,{E17756FB-0D64-497e-B4CB-117638CDD013},
3810,Power Station Switch,Statechart,3483,83067,17,{BE858AED-D1C5-4c81-AB31-D9747302A659},
3811,Power Station Switch,Activity,3483,83067,7,{5A915750-042B-41ca-9EA2-6A8E8C811991},
3806,1 Introduction,Custom,3503,83162,3,{3F7C5068-F6B3-4bb3-BC03-255C5548970E},
3807,2 System Description,Custom,3503,83165,5,{9A67FEEA-AF2B-4750-A027-2E0FC9AEEBFF},
3808,3 Protocol Description,Custom,3503,83168,6,{F80C1F29-5BAF-4d20-8A9A-0C6B6A4C39C2},
3803,SkyLink Install Difficulty,Use Case,3501,0,4,{72DB109F-5B2E-42a9-8638-536B8FA843E4},
3804,Dataplicity Failures,Use Case,3502,0,5,{5277FD41-1A08-4e87-95F9-529DF6223924},
3805,SkyLink ICD,Custom,3503,0,9,{DD440D5E-2ED9-42ad-B405-5D663651CE4E},
3800,SkyLink Export,Use Case,3498,0,4,{16AC6EDF-D875-40d5-A54D-6B5239B1B85C},
3801,Charger Sort,Use Case,3499,0,6,{D86BDB77-F96E-4107-BF2C-84B4C30B2A94},
3802,Loss of Connection,Use Case,3500,0,7,{06476035-250F-463e-89FC-F2A3ED1E88E2},
3797,Innacurate Time,Use Case,3495,0,5,{2B94B127-1D6F-45d3-ADEB-7CD8F73CA6D8},
3798,Lithium Events,Use Case,3496,0,4,{22E98620-86EF-4d71-8D7A-DD759D206C99},
3799,Compatibility Documentation,Use Case,3497,0,3,{5EAE8BD3-BA8F-4d4d-BAC6-BAEC715BE80A},
3794,BMID 1 SN OTA,Use Case,3482,0,7,{457DEF5E-FD9D-4c75-A764-86B797F3EE2D},
3795,BMID III as SkyLink,Use Case,3492,0,23,{2A4D7FB7-7078-494d-87CA-126945962196},
3796,Change History,Use Case,3494,0,4,{46C68B6A-9D91-48b9-B0B8-A81651039D60},
3792,Fault Notification,Use Case,3476,0,40,{B5A82C45-AB4F-47c5-A8BB-BEA13C58DBEB},
3793,BMID 1 SN OTA,Activity,3482,0,13,{9968B229-E2E2-4286-AC39-479681D03A58},
3790,01 IPC Related Requirements,Statechart,3723,0,2,{41ED8EDD-6758-4252-A1AC-7D8CC08A5D81},
3791,Vehicle Registration,Use Case,3491,0,23,{AB5A0A25-B8D1-445d-91C8-046FA690640D},
3788,01 IPC Related Function,Activity,3723,0,21,{CC7B6BBB-0F49-497b-B705-C29ACA1AAA26},
3789,01 IPC Related Design,Statechart,3723,0,3,{EA9E38C0-7D25-4daa-8F75-9FA4584549D5},
3787,Product Variants,Logical,1244,0,13,{0B3868BE-7CC6-447a-8A17-99EC2291FAD3},
3784,Electrical - Power Server,Logical,3489,0,0,{41247439-FDF4-413e-B8C6-2D5B2BC782BC},
3786,Delta arc,Sequence,3483,0,12,{75575DD8-D511-4883-8576-BDAA4863725B},
3778,Delta arc,Activity,3483,0,51,{5AA8DA09-05C2-4d62-98D8-0B84836484AF},
3779,Power Supply - Power Station,Logical,3484,0,1,{B79B7218-ABC7-49c0-83F3-991496FA0104},
3780,Enclosure - Power Station,Logical,3485,0,10,{522E4FD0-5132-4432-9D0D-281E885FD9C8},
3781,Enclosure - Stop Button,Logical,3486,0,0,{43250121-3C8E-4a07-82C1-FA6C089F5945},
3775,Gen IV Board - Configure Charger On Site,Use Case,3481,0,36,{C05C7C01-0FB4-4e75-A623-8FE22D2F6FAF},
3776,Gen IV Board - Configure Charger Remotely,Use Case,3481,0,25,{7AA32625-9125-4992-B78E-C0F96B511B97},
3777,BMID 1 SN OTA,Sequence,3482,0,6,{0C947799-043D-422c-8BD7-F0846E3F7777},
3773,Charge Authorization,Use Case,3480,0,35,{7F091CA9-5CAA-415a-B618-DDF7B1560893},
3774,Gen IV Board - Configure Charger,Use Case,3458,0,11,{68CC3479-FEED-4450-A416-249A54681C48},
3770,Portal Communications,Activity,3478,0,14,{9F044F71-0336-40ae-845C-1F58C9AEACAD},
3771,Data Blocks,Logical,3479,0,0,{EE27AAFE-6CAD-4ba1-ADCE-27AF817E49FD},
3772,Portal Communications,Sequence,3478,0,8,{5BAAAB47-55D9-415f-9F1D-C9F8561A1AE7},
3769,Offline Data Loss,Use Case,3477,0,55,{41D0C3D7-352D-404d-804F-EE2F53E0B3E5},
3768,x_Fault Indication,Use Case,3476,0,18,{3C47E593-80FF-4469-BB07-E85290B71152},
3767,Offline Data,Use Case,3475,0,36,{4BD10D8D-42DD-4dbf-AF62-9D224A4F9553},
3765,Vehicle Identification,Use Case,3473,0,24,{CBF84751-D017-4e31-AB98-7E4BD77FC93D},
3766,Port Identification,Use Case,3474,0,16,{14E494CC-E7C6-4e20-9669-281795926554},
3763,Generate Report,Use Case,3367,82910,29,{627B7411-5340-4c06-8E3F-CE0970063F32},
3764,SkyLink Issue Backlog,Use Case,3493,0,37,{AD2FE1ED-F806-406c-AC02-3E7E20066526},
3760,Monitor Chargers,Use Case,3367,82825,17,{31E27860-9712-4fed-A9DD-AA2C8C05FA1E},
3761,Monitor Vehicles,Use Case,3367,81170,14,{569D86FA-608E-41f9-A803-9114729BC6F9},
3762,GSE Comms Concepts,Logical,3470,0,24,{12DDCEED-86AD-4cb9-9E55-DB114F2B2A95},
3758,Connect to portal,Use Case,3367,81481,35,{A626CF2D-811F-4074-B559-B97DA6F7879A},
3759,Access Data through third party,Use Case,3367,82008,18,{6CC39571-04BC-4813-B4C7-826F1CCB3782},
3756,SkyLink Portal MRD,Custom,3437,0,2,{24DAC135-4803-47de-802D-CAF93132A425},
3757,GSE Fleet Manager Working,Use Case,3371,81132,38,{B2FF532A-561A-4857-A572-A830C612E1F4},
3753,IPC Digital Access Level,Use Case,3367,82875,18,{CFA6EBB2-555A-4470-BB9D-05AFFDAE7309},
3754,PosiNet,Logical,3425,0,3,{DA30C262-6946-46ca-BB6E-AE109A6088BA},
3755,PosiNet Kit,Logical,3469,0,9,{C4FE4A97-32B8-40b0-AA1A-93F68918EA04},
3750,IOT Device,Custom,3468,82842,13,{6FEC3AD1-E759-4a78-9857-3F17B4AC7894},
3751,User Interface,Custom,3468,82843,4,{6ACFE38A-8BE7-4c60-98FC-4C54D831102E},
3752,UI Data,Custom,3468,82872,11,{D2FF5FFE-B93F-4576-973A-3D1FEB202CAC},
3747,Generate Charger Report,Use Case,3367,82007,10,{9D21C5BC-A088-4f12-96C0-309617D68047},
3748,SkyLink Validation,Custom,3468,0,13,{63A3EC0F-057A-4169-A311-8D48B75A12CC},
3749,Data Validation,Custom,3468,82844,6,{DF9E61AE-BF41-4aff-8E8B-C64965472C28},
3745,SkyLink Portal Design Compatibility,Custom,3423,0,17,{E1E894CD-8A76-475e-BC1E-933C391A2B89},
3746,Generate Battery Report,Use Case,3367,81489,21,{58881AF8-5AA2-411c-B30D-E0198564E7D7},
3743,SkyLink Portal Function Input,Custom,3423,0,9,{A192F883-E18E-4fe9-8480-1DC516482874},
3744,SkyLink Portal Function Control,Custom,3423,0,13,{1D3096CA-046E-49e7-B533-A03C93291782},
3741,SkyLink Portal Function Output,Custom,3423,0,21,{D0ECAB14-9D1D-4355-AF12-BF234A3E469D},
3742,SkyLink Portal Design,Custom,3423,0,14,{CAB4E8BF-B3E7-49ca-AECD-270257B16F77},
3740,Skylink Kit Function Comms,Custom,3014,0,32,{D8EE51FB-EE82-432e-9576-E6FD010B77B0},
3739,Skylink Kit Design,Custom,3014,0,73,{3374A4BC-F2BB-466c-90EF-015957FEC76E},
3737,CLD-SET-02 Web Portal Requirements Context,Custom,3466,82572,7,{3BDC3A7A-F79D-4f22-8F52-1EE965141D5D},
3738,Skylink Kit Function Control,Custom,3014,0,55,{208A8761-9C05-4961-979B-2575B295B3AD},
3735,CLD-SET-01 System Requirements 31-40,Custom,3466,82616,19,{75184258-2E6E-4c84-A62E-0EFEAB8A9A36},
3736,CLD-SET-01 System Requirements 41+,Custom,3466,82616,19,{C3781DBE-7C19-442d-9071-09201DF0BAF8},
3733,CLD-SET-01 System Requirements 11-20,Custom,3466,82616,35,{EE49CD18-768F-4432-9CB5-BEF0986039FA},
3734,CLD-SET-01 System Requirements Context,Custom,3466,82616,4,{42EE0E36-C3D5-49d8-8B4A-13AFFDD23FF0},
3731,CLD-SET-11 GSE Control Board Software Requirements,Custom,3466,82583,16,{87CD2E94-CA35-44c7-B86F-F91CE71A5220},
3732,Assembly Industry Standards,Logical,3467,0,9,{E89230F2-C408-46ae-851D-D9FDE62FC4AF},
3729,CLD-SET-09 IoT Board Software Requirements,Custom,3466,82563,26,{3DF9C5A1-177F-4856-BAB6-271E20003E81},
3730,CLD-SET-10 GSE Charger Requirements,Custom,3466,82580,7,{C209ABD3-A08E-4f4d-AA9B-8240E51086C9},
3727,CLD-SET-06 Web Database Requirements TXT,Custom,3466,82620,81,{40D08FB4-4E71-4651-9496-E4CA2ABFB247},
3728,CLD-SET-07 Cloud Server Requirements,Custom,3466,82567,15,{BBB24E0A-7485-4a96-9748-52C5EA64FB30},
3725,CLD-SET-05 Web Services Requirements,Custom,3466,82574,21,{BA7A8CB1-9991-4d76-8A45-046137C51CFB},"<a href=""$element://{76A81878-BA6B-44a6-81DD-BCF9B9F8B556}""><font color=""#0000ff""><u>Send email</u></font></a>"
3726,CLD-SET-06 Web Database Requirements CMP,Custom,3466,82620,23,{1281D5E8-79A8-4cbe-9706-CFEFDA210B25},
3723,CLD-SET-03 AC Meter Requirements,Custom,3466,82575,6,{26429621-5467-40a9-AE32-C7CA8BF45B30},
3724,CLD-SET-04 IoT Board Requirements,Custom,3466,82564,12,{5D13940B-7D1D-4d3a-9DEB-CAB1A54A4DA1},
3721,CLD-SET-01 System Requirements 21-30,Custom,3466,82616,27,{B7591632-CD0B-4d6f-9DBB-9C36C010B3DA},
3722,CLD-SET-02 Web Portal Requirements,Custom,3466,82572,30,{B4BBAFB6-EA6A-426d-9A46-5F83D04FC287},
3720,CLD-SET-01 System Requirements 1-10,Custom,3466,82616,37,{0EC9826B-FFC4-4218-81C5-EAE0C3B14748},
3718,SkyLink Kit MRD,Custom,3437,0,36,{C6FBED66-9498-4358-97E8-460A6E1EF603},
3719,GSE Cloud Requirements,Custom,3466,82562,11,{D46E70D9-8717-4f4e-B98A-CFC3569E7440},
3716,UL 583 10    Electric Controls,Custom,3464,82370,8,{831B01FE-034C-4474-B7D9-19793427BD30},
3717,Access Logs,Use Case,3367,79249,12,{BB3FA2AA-0E69-4800-8044-C8CBBCFBFB4F},
3713,UBMID App - Download BRAT File,Use Case,3465,0,26,{8AE20258-3D58-410a-A03F-5E2B220BE5A0},
3714,UBMID App - Download BRAT for Sales Analysis,Use Case,3465,0,16,{D90645C5-B131-4bfa-9EA1-7B0729E60FDC},
3715,UL 583 G ELECTRICAL ACCESSORIES FOR FIELD INSTALLATION BY QUALIFIED PERSONNEL,Custom,3464,82102,17,{5179D732-E706-4531-A77F-A6CD3278504F},
3709,DFW - Averest,Use Case,1244,81954,35,{78AB0EFB-E3E1-46af-A0F2-50806F3600CC},
3711,Cable PN 5910396 Temp Test @ Max Current,Logical,3462,0,15,{A438B246-0F99-75F6-82A8-DF1360C4DE41},
3712,UBMID Mobile App - Download Limited Logs (Free),Use Case,3465,0,18,{48644313-21B8-4d06-8F49-D106380150D2},
3706,Connector ASM Industrial - Structure,Logical,3205,0,9,{ABC9BB7B-7A67-4c67-987D-F84FE82B2165},
3707,HVPS - Troubleshoot SW Remotely,Use Case,3371,81134,2,{C72150F5-03DD-4b08-A2A4-09E51A1B8A54},
3708,IPC Environmental,Use Case,3367,81835,17,{CC15E0EC-51FC-4a3c-B75D-6F0741D196A3},
3702,Gen IV Board- Physical Installation,Use Case,3458,0,50,{A3C4A2A8-23C1-4266-BFA5-905268D8F4FE},
3703,Gen IV Board - Initial Setup & Configuration,Use Case,3458,0,29,{B2FFFE24-C953-45ff-8823-4A0C2DE0FCB5},
3704,Gen IV Board - Configure Network Connectivity,Use Case,3458,0,43,{D48F54E7-39BB-4165-9E17-D4C18CFED42A},
3699,View Diagnostic Data,Use Case,3367,81685,12,{D21FD785-27C0-4586-9493-993F2664CA0C},
3700,Configure BMID,Use Case,1191,81599,90,{A3571350-FF1D-4da6-AA88-D1382FE76C6D},
3696,UBMID App - Diagnostics,Use Case,3457,0,11,{A7E9307F-2153-465f-AE33-FB2238AE0A25},
3697,UBMID Mobile App - Configure BMID,Use Case,3510,0,3,{A30E629F-E648-401f-AEDD-B147EB88673B},
3698,Download Data Logs,Use Case,3371,81679,25,{FC039EEA-AF78-4241-8861-EBFAEEC6F9B6},
3693,GSE Technician - Decommissioning Charger,Use Case,3371,81134,2,{BC27E566-34DE-45bb-A4E1-DF0FE80BFB70},
3694,UBMID Mobile App - Phase 1,Use Case,3457,0,49,{5B1B6485-00FC-4ec3-95B5-0B9F62ED3DEC},
3695,UBMID App - Download Data Logs,Use Case,3465,0,22,{4756BCA6-91BD-49e5-A1E6-EA9DAD87FF3C},
3687,Monitor Battery Temperature,Custom,3955,23081,38,{E064144F-16C2-4a7e-8289-171032126295},
3691,GSE SkyLink to BMID ID,Activity,1245,81598,26,{F0D7DDE7-D9E2-4fd0-9858-16A4B3C720A6},
3684,IPC Manager,Use Case,3371,81560,25,{FB046A57-830F-458e-AE3A-69F9B631B81B},
3685,MVS Mobile Platform,Use Case,1245,79997,7,{AED052F7-AFF3-4b30-9E6A-84FDA7D709F3},
3686,View Fleet Overview,Use Case,3145,88359,10,{643A9A21-D53F-4b48-A530-F991554E2B64},
3680,Charger Tools,Logical,3452,0,2,{88CCF71E-481B-4793-ADE3-69393FA68352},
3681,Use Case Discussions PCE,Use Case,1244,81130,13,{54DD6FC9-D6CF-47a7-953F-E22C31A82AA6},
3683,Power Server Function,Activity,1248,0,6,{73FCA25F-18B1-420f-9B62-9A3FA543FFB0},
3676,Vehicle Use Case,Use Case,3371,81459,29,{B75C00AA-3332-4d63-AC5A-9A2FE6E36768},
3677,BMID OTA,Activity,3722,0,8,{8BD94C0F-DB71-426b-A92F-9B757A9935A9},
3678,PCE Context,Use Case,3369,81464,11,{3BA33299-A668-418e-BB62-82DD75B2CAE8},
3673,Interface Durability,Statechart,3441,22925,4,{C1F6A9C0-FCEA-4961-A5A3-44945350961D},
3674,Mechanical Durability,Statechart,3441,52039,9,{7DE116BE-AC20-40fe-91DB-0AB037FDB7D4},
3675,BMID SOC Monitor,Activity,3722,0,5,{52FF6500-B55D-4f2b-9D8B-2686DD393C06},
3670,Ground Support Equipment,Use Case,1443,56726,1,{4DC6EDCE-B6C9-49db-AF75-372274B41CDF},
3671,PosiGuard Function,Activity,3731,81434,1,{1289E2CB-B14B-4f18-9970-979ACE40F7CF},
3672,Cable Durability,Statechart,3441,81435,4,{8DAA1A91-A05C-4598-B7C9-0196BCECCACB},
3667,Power Server State Machine,Statechart,1248,80796,8,{6C6E9D16-A6D6-4146-88A9-D2B2E1DB70F9},
3668,Wildlife,Use Case,3371,79806,6,{15435362-EB9C-4095-A6DD-EC4718D6E9F5},
3669,Tools,Use Case,1097,79635,1,{8404F7C1-153E-4e3c-9781-8BC63CDD5AD2},
3663,Birds,CompositeStructure,3371,79587,1,{EBF7043F-3830-499b-B436-2105B120AAB0},
3664,Insects,CompositeStructure,3371,79585,1,{116CFE94-22AF-4034-AFE5-64F9B366C6EC},
3666,Power Server,Activity,1248,81417,12,{ADD8BB79-F9EE-47dc-A309-07D7266702F7},
3660,Switch Energy,Logical,3954,69100,16,{257F5966-0905-45a1-8E0D-D6EFBA3416D8},
3661,Plants,CompositeStructure,3371,81411,1,{DA0D6F6A-E085-4ce5-B221-A7B00096A728},
3662,Rodents,CompositeStructure,3371,79586,1,{2FA5085F-A7D6-46f3-9FF4-F52B4FC1E0B9},
3656,PosiLink,Logical,3145,0,6,{ADD7E541-A9D6-4540-AA4A-1D3FEA588BD5},
3657,Install SkyLink,Sequence,3014,79692,7,{3105B30F-B902-46bf-B96A-7330817A2A0F},
3659,Communicate via Technology,Logical,3952,81407,97,{05F1ACC3-8CDE-4049-AAE3-C5D06FB30F0A},
3653,UL 1012 22 Internal Wiring,Custom,3534,60412,4,{D56C664C-A07A-410b-92AD-8001251D8140},
3654,Drive vehicle away from charger,Use Case,3371,80984,14,{29D61A73-6711-4866-93F2-1A8269FEE189},
3655,Phone,Use Case,1102,81327,4,{59F679F5-22A6-4a9b-99B3-C562A0EBD767},
3651,Disconnect Charging Cable from Port,Use Case,3371,80984,40,{77344A12-CC72-41e1-AA03-35ACCDAF687D},
3652,Monitor Battery Voltage,Custom,3955,32418,23,{F8210A71-0E3B-45db-BBA9-13D72EEC7297},
3649,Monitor Charging Station,Use Case,3371,80984,29,{283FFF50-B227-44cf-AC36-B1D2581F647A},
3650,Change Charger Operation,Use Case,3371,80984,57,{7C7BBFE7-B0FB-4ffc-9013-622773AFE02C},
3647,Drive Vehicle to Charger,Use Case,3371,80984,20,{288AB2F0-05C6-4575-940C-1777930068B5},
3648,Connect Charging Cable to Port,Use Case,3371,80984,30,{4083054C-CA1C-4aff-BFC8-AF61F246EB66},
3644,BMID Dongle,Logical,3438,0,3,{5C8D8FE5-35D2-4d95-AFE8-9D43356639A5},
3645,Use Case Discussions,Use Case,1244,81130,16,{BF747F8C-66B8-4905-92D8-D1616B88EBA8},
3646,Identify Available Charger,Use Case,3371,80984,23,{51F5EA40-ABAA-4ee0-89F7-F2CD5D57B571},
3642,SkyLink,Activity,3423,0,13,{C9D2F44D-2414-4b4d-A440-BE5FF4FD9F63},
3643,Library,Activity,679,0,17,{98A47A9E-3343-4068-B275-69CAECA8BA4C},
3640,Compile Sustainability Reports,Use Case,3367,80859,4,{C21D22C8-FE28-4248-A1EE-E04A6E72A0B6},
3641,GSE Fleet Manager,Use Case,3371,81132,75,{A839541D-B181-4f29-ABAA-C35A766266EF},
3638,Monitor Assets,Use Case,3367,81169,31,{74CD47DA-F2FA-4546-AD2E-E9A138B8D180},
3639,Schedule Charger Usage,Use Case,3367,80849,15,{4072EC45-3446-471c-B817-A655A1C3B182},
3635,Incheon Airport - Korea,Use Case,1244,81135,3,{00F9CF42-35FC-44bd-B178-E3DC38CC1E98},
3636,GSE Installer,Use Case,3371,81133,7,{104D3705-A553-49e9-A154-2BB70F5B1164},
3637,GSE Technician,Use Case,3371,81134,57,{8781CF60-FB4D-47a1-815E-62B0688186A8},
3632,Perform Routine Maintenance on charger,Use Case,3371,79868,15,{FCA20C81-A583-4393-AE97-5A123A397EEF},
3633,Troubleshoot Hardware Failure,Use Case,3371,79873,17,{F246AF2F-E249-4082-A6E2-51C853F5A9DA},
3634,Troubleshoot Software Failure,Use Case,3371,79944,15,{5E185D66-9BAF-4767-A393-656FC75D0567},
3630,Change charger operation,Use Case,3371,81121,48,{12A2718F-0218-4692-931E-1F642AB882AF},
3631,Drive vehicle away from charger,Use Case,3371,79853,10,{2DECA0DA-36C3-4bb5-B50D-1846418C6741},
3628,SkyLink MRD 31-40,Custom,3437,0,31,{DEF03932-D5E8-43d1-9E5D-C120497083E7},
3629,SkyLink MRD 41+,Custom,3437,0,25,{2A4C300E-EDB4-4bdc-B42F-E93269BA076B},
3626,SkyLink MRD 11-20,Custom,3437,0,25,{5EA1726B-1F95-419d-9D7A-43A0CE2FD3FD},
3627,SkyLink MRD 21-30,Custom,3437,0,41,{B0E95A48-B498-4a3d-BC3A-55E4778986A5},
3625,SkyLink MRD 01-10,Custom,3437,0,57,{80E31BC8-C94E-4c09-A58C-FAB05FDA8BC4},
3624,End Charging Session,Use Case,3367,81016,11,{41ECFB37-7A04-41b0-B006-FC646904FC4C},
3621,Abuse Product,Use Case,3367,79991,14,{1BD1B974-5CF3-4dec-A3DA-62115EE8854E},
3622,Acquire Product,Use Case,3367,79854,4,{18DD7E85-2B54-4cea-9457-D21A6A927EA3},
3623,Charge/Discharge,Use Case,3367,78818,23,{899B845E-B256-44ee-99D6-6B57FF2CD82C},
3619,UL 1012 07 Frame and Enclosure,Custom,3534,60289,8,{4DB9F182-8DFC-4c5f-B535-9B2AF1F4425A},
3620,UL 1012 7.1 General,Custom,3534,60597,52,{C10EBD1C-382C-4480-A118-9B1B49280D7C},
3616,Monitor charging session,Use Case,3371,79830,20,{A2F35D4A-715E-44df-A6EE-D5265D92E77B},
3617,Disonnect charging cable from GSE charging port,Use Case,3371,79831,17,{C933329A-3E4D-4877-82DF-A813F5E07BA9},
3618,Install Charging Unit,Use Case,3371,80881,19,{4C4B0A48-5747-458b-8A2A-CCF473BCDC80},
3613,Identify available charger,Use Case,3371,79915,18,{6F557F12-6ABB-4b85-868C-E65F1449EFBB},
3614,Drive vehicle to charger,Use Case,3371,79825,17,{B047D308-49EA-44d1-8676-CE51D676DC07},
3615,Initiate charging session,Use Case,3367,79829,19,{E759CA69-F191-46e5-B614-FC03314998F2},
3608,Installation Testing,Use Case,3371,81133,36,{69CC87D0-210B-4251-BF57-21C6A636C610},
3610,05 Digital,Logical,1193,0,25,{4CEA2B03-3393-4908-ACE9-6A0F0F658676},
3605,HVPS - Troubleshoot SW Failure,Use Case,3371,81134,22,{BB7D0203-3732-4738-8A36-CCFF575B4239},
3606,Installation Preparation,Use Case,3371,81133,58,{92586808-8F5F-463f-B802-3AA0CCC45058},
3607,GSE Charger Installation,Use Case,3371,81133,45,{11F92CD5-8BCD-486f-A19F-1966A19908AE},
3600,Industrial Site,Logical,3399,79973,22,{A909F666-3D44-4af5-86A3-907B2E402A46},
3603,HVPS - Perform Routine Maintenance,Use Case,3371,81134,35,{92C27B94-239A-4834-A178-3CCD0AA410BA},
3604,HVPS - Troubleshoot HW Failure,Use Case,3371,81134,44,{1DC9FE3C-4027-48bf-870F-B51E8E822423},
3597,PosiGuard Hall Effect Thermal Test,Activity,3420,0,14,{599C420A-98D3-4c97-B798-176C3739C764},
3598,MHE Use Case,Use Case,1250,80277,7,{718D4A80-A917-4475-9D0D-188FE0027E50},
3599,Aircraft Use Case,Use Case,1443,80804,18,{8357F39B-09A8-4eb7-ADB9-00F5361AC65F},
3594,UL 1564 12 External Connections and Wiring,Custom,3416,60090,33,{93D5224B-ACF6-4baa-AA3A-E8CAE5DC19D4},
3596,Provide Asset Identification Info,Activity,3952,80681,7,{63170720-AA99-43ea-80BA-8867D31764EC},
3592,Battery Management Page,Logical,3418,0,30,{087B7793-BFC4-4c7d-8873-58D9F19BDE97},
3593,UL 1564 13 Current-Carrying Parts,Custom,3416,60091,10,{96FA4689-F180-4506-BBC0-A68395F846C1},
3589,UL 1564 09 Protection Against Corrosion,Custom,3416,60082,6,{A7B9CAA2-C3A7-4012-BBD2-C6145A060F4E},
3590,UL 1564 10 Supply Connections � Permanently-Connected Products,Custom,3416,60083,3,{4BCA4E7A-AC6F-432f-B179-57334A16ED13},
3591,PosiLink Functional Decomposition,Logical,3417,0,3,{60BFEE5B-873C-4e02-BB71-72CF4A3ACC1A},
3586,UL 1564 07 Accessibility of Live Parts,Custom,3416,60080,19,{0EDC66E9-B70F-4fe6-A9F9-1F492D00AFB9},
3587,UL 1564 08 Assembly,Custom,3416,60081,9,{A5ECE9F2-51C4-4d7b-A288-A3802A846B1F},
3588,UL 1564 (02) CONSTRUCTION,Custom,3416,60167,23,{FC9C9EEC-C34F-43ba-A894-0FFBA69287EA},
3584,UL 1564 4 Referenced Publications,Custom,3416,60076,29,{31B2C34F-8BEA-4222-8F1F-6C8BA0E5C39B},
3585,UL 1564 5 Glossary,Custom,3416,60077,14,{D73EE555-058D-4a3f-AC0E-6004A6DB4C1B},
3581,UL 1012 1 Scope,Custom,3534,60350,11,{A8BA86DF-9D58-4ad0-8FB1-8C8DE4C0D050},
3582,UL 1564 1 Scope,Custom,3416,60073,13,{DBD7AFC7-48BA-46da-BB74-66D9C322218D},
3583,UL 1564 3 Units of Measurement,Custom,3416,60075,4,{8AB58704-6C95-449a-9E62-35CED6F65297},
3577,Power Station Design,Statechart,3733,0,11,{D5366DB2-8047-4860-B4FB-9B3FE088B6A5},
3578,UL 1564 (03) PERFORMANCE,Custom,3416,60184,19,{490E55A2-D37A-4135-A9D6-4B5F33D663DF},
3580,UL 1012 (01) Introduction,Custom,3534,60242,7,{3F540F82-ECDD-4478-9663-B6536EC4296E},
3574,GSE Use Case,Use Case,1244,81130,26,{426663D0-CCDA-420b-9851-0416CAE529F3},
3575,Interface - Device,Logical,3414,0,0,{F6275D01-523F-45df-85A5-7138F5AC8590},
3576,Power Station Function,Activity,3733,0,7,{F20D1A2A-58EE-4ff4-A533-CB685C5F7364},
3570,Current Monitoring,Custom,3955,69082,7,{A7195CE8-1EDC-4d05-8E6D-CED5EAD2DEA8},
3571,Communicate via LoRa,Use Case,3367,80242,28,{0AC75D14-B5F4-4a85-BE5C-AB6A8FA3C865},
3573,IPC Use Cases,Use Case,1244,79984,17,{5B8636D4-4F99-4c5a-A729-28584B96DCC8},
3564,Monitor Battery Event,Use Case,3367,80147,40,{AFE6BDA1-A887-4c75-8B2A-2C0D9D53303E},
3569,Hall Effect Test,Activity,3314,80211,20,{70D28993-3F32-4453-B02D-FB5EBC0B161F},
3562,Sensor - Current,CompositeStructure,2828,31336,5,{DA797FDF-150D-4b6a-8380-20E4DB746E84},
3563,PosiGuard Hall Effect: Sensor - Current Context,Logical,3284,80141,7,{4321B5A7-5562-4794-BBF6-CACF3EFA4152},
3557,PCE Stop Button Use Case,Use Case,3134,79992,4,{3866E6F7-840E-4a10-AAA2-93B938DBBD26},
3558,Power Server - DVS 330 CE with schematic,Logical,3316,0,30,{9711E6E8-15C3-4b4d-A97C-1CC7A387A7A3},
3561,Conductor Compatibility,Logical,3745,80038,1,{715643AB-3BE4-4f12-B5A5-C8D3604F4B23},
3549,Power Station Compatibility,Logical,3733,0,6,{299639BF-7623-44ac-B576-39FD7185E2AC},
3551,Electrical - GSE Server,Logical,1123,0,4,{C13AE8BE-FF19-479d-9F2D-EF5E09D8F0E0},
3552,Emeter,Use Case,1191,79945,0,{34678D12-914F-4995-BE27-66DB57A7DD1C},
3556,06 Product Validation,Package,1657,0,3,{73B9DB5F-14A9-43d2-995E-14FB09AF2977},
3545,GSE Operator,Use Case,3371,80984,107,{BACD6BE8-5F4A-4fbc-85A7-C0B7F1F7473C},
3548,Electrical Panel - Power Server,Logical,3489,27276,33,{36F260A6-86B4-4dc7-B233-0C75C4934631},
3541,DVS Relationships,Logical,3316,0,18,{2BA39783-7EA2-46eb-AB78-D4D338A20B11},
3542,SkyLink Cloud,Logical,3423,28573,1,{F0138342-1AD7-484b-90C6-9AFBDFF5683F},
3543,SkyLink Cloud,Activity,3423,28573,4,{2810C94C-F007-48ce-810E-9D75E2959F0E},
3538,Connect Stop Button,Custom,3367,78984,17,{833AB571-3E7D-46c2-B998-572661DFC2B9},
3539,PCE Remote HMI Context,Logical,3382,0,28,{CEB1D615-A3A9-4cd8-8445-49921CB3DEAA},
3540,BMID Validation Abnormal Fault Conditions,Custom,3314,78099,5,{17CC1B18-1191-42c4-AA5F-D0E6146C2070},
3534,Cable,CompositeStructure,1374,58739,4,{F768A9E8-4D7B-4042-AEC9-615E0E531BBF},
3535,Press Button: Stop Charging,Custom,3367,59793,2,{A06021BF-AE86-4fc2-97CF-6E96F949A797},
3537,Prepare ProCore Edge For Remote HMI,Custom,3367,78983,10,{8F1F4ED8-0910-4968-94C9-1851C637B6E7},
3531,Geophysical Use,Use Case,3369,79733,0,{AFFAA334-1BA6-4f4c-BBBE-1D0C8D505213},
3532,Cable - 5 conductor,CompositeStructure,2512,69741,6,{274873E6-FBBB-426f-8C85-7AF0E9366527},
3533,Cable - 2 conductor,CompositeStructure,2512,69738,3,{ABA2EE4D-E401-414c-95B2-6FD9EB62F00B},
3526,Skylink Kit,Statechart,3014,0,16,{777AF2FE-4A91-4aa0-8E70-7FEE11C5DEC7},
3527,Skylink Kit 1.0,Logical,3014,0,4,{D4B14FE4-F1FC-4285-AA69-0EAD47B8A8BD},
3528,Skylink Kit 2.0,Logical,3014,0,4,{DF79A6C6-6991-484c-9474-81E008033022},
3523,Install SkyLink,Use Case,3014,79692,11,{5A573D65-0FC0-4998-84B1-2E623E293641},
3524,Install to DVS,Use Case,1245,79693,11,{6E45EFDC-0DF2-460b-BA66-009BC2AA5D8B},
3525,Skylink Kit,Activity,3014,0,13,{6444CB41-5A5B-4a85-B9C5-B7CDFCDA65E0},
3518,Forklift,Logical,1443,73349,8,{28639C42-F717-4384-BC8E-017C4C86F595},
3520,Enclosure Opening,Statechart,3447,52061,4,{ACAA6C27-F3BA-456e-B774-B24DECA1513E},
3521,Form Metal,Activity,3402,79683,5,{DB601E61-3FEB-4e25-9F77-3FE45A95E667},
3515,PCE Remote HMI,CompositeStructure,3382,79457,1,{18E7D6A8-2180-4bc7-B407-F1F6EFF7EB6B},
3516,DVS 330 IP55 UL,Use Case,3308,0,8,{A3665C13-714B-47a1-822A-EDF78AC00EF4},
3517,PCE Remote: PCE Remote HMI,CompositeStructure,3382,79473,18,{1EEB4ED0-D3BC-4f08-9DD6-CE177B4CDBB4},
3511,Install Lead Acid BMID,Use Case,1191,79357,17,{3098F576-0079-414a-BC47-0E0827ECE01F},
3513,DVS 330 IP55 CE,Use Case,3308,0,19,{DEAC20D3-CFC8-44c3-B9DE-9EA0D321576D},
3514,Install Lithium BMID,Use Case,1191,79358,18,{71CEE74E-C7ED-4ae3-8804-DFC48921753E},
3508,Airport,Logical,3399,56756,40,{BBE91F48-59A7-4a38-92CE-BFEBB9D54FC6},
3509,Common Charge,Use Case,3367,79603,5,{B57BE39B-EFC8-425e-A82C-2EFADE3527DB},
3510,Common Install,Use Case,3367,79604,6,{04888A16-D629-453d-9CAE-3886B30A6DAF},
3501,PCE Remote HMI,Statechart,3382,0,13,{75003AFF-1BC1-4a9e-9FCD-16CCC07279D1},
3506,PCE Remote HMI Context,CompositeStructure,3382,79562,5,{5F27373D-52E0-467a-A032-F353CF599761},
3507,Warehouse,Logical,3399,56757,35,{ED9672FB-C869-431c-90AD-163E5D175E00},
3499,PCE Remote HMI,Custom,3382,0,16,{DF4E26F3-DC9E-4d84-8FC1-DFA3CF29D05B},
3500,PCE Remote HMI,Activity,3382,0,11,{D07866FE-E30E-48b1-8F1C-45C9E7C35FEF},
3496,PCE Remote HMI,Logical,3382,0,24,{B9A1D7B5-AE1A-47e2-8122-E3A36C0B8B8B},
3497,Cable - 6 conductor,CompositeStructure,2512,69742,7,{ED798883-1773-4024-ABC6-C3F40A8BC6F8},
3498,PCBA - Comms Gen4 Mk3 Adapter,Logical,3634,0,16,{1F1BB9F6-4313-4f69-86F9-ABE79C5988DD},
3489,Identify BMID Fault,Activity,3956,79341,15,{33BC33F8-E69F-4a0c-9CD2-CC0D5565E217},
3490,Install BMID,Sequence,1191,79230,3,{DCEF1451-579C-41c8-BBF7-9D9FB6EAED21},
3491,Install Lithium BMID,Sequence,1191,79358,3,{E75ABF63-9745-4a53-B1D8-9224E04ECE0D},
3482,Assemble PCE Remote HMI,Activity,3132,79264,22,{4BEB5E7D-CFBB-4f58-A39B-BC24051A6419},
3484,PosiGuard Lead Acid Context,Logical,3792,0,16,{D715A734-44D7-499a-AC8F-71D5FCF97AA1},
3485,PosiGuard Lithium Context,Logical,3792,0,20,{DEA6D8F8-14E2-4f22-AF25-8752EB18842C},
3479,Access Digital BMID,Use Case,3367,79249,22,{48B4C0A5-0877-4e5c-9B2C-7630587ABAC1},
3480,MHE Unit - ProCore Edge,CompositeStructure,1120,28016,3,{6792027D-AEC0-4cc5-8B16-8C77CDDC02DD},
3481,MHE Unit - ProCore Edge Signals,CompositeStructure,1120,28016,3,{291A8C10-99F5-4ecc-A42E-5DC11EA3D52B},
3477,BMID Validation,Activity,3314,78099,12,{CE72C977-1FCE-4350-B603-878981ED0FD7},
3478,Interact with BMID,Use Case,1191,79356,52,{88738631-EBD3-4405-99A0-79D09824A5CB},
3445,PCE Remote HMI - Install,Sequence,3367,78947,5,{4E194839-DE5C-4f57-A724-686FD910E749},
3446,PCE Remote HMI - Start/Stop Charge,Sequence,3367,78759,5,{4FAEB212-46EF-4f24-8677-5B00BCC8A97F},
3447,PCE Stack Light,Use Case,3381,79093,7,{80786AE1-B12E-42f0-B15C-850E82E5BBF4},
3441,UL 1012 (02b) PERFORMANCE,Custom,3534,60254,21,{1A373379-60B0-4246-A239-69A10A71E578},
3442,UL 1012 39 General,Custom,3534,60255,6,{F768B54D-0ACB-41b3-8B36-3586E2466033},
3443,PCE Remote HMI - Set Equalization,Use Case,3367,78949,7,{7303ED0E-C0B4-4360-9FB3-5D273E9D4CDA},
3438,UL 1012,Custom,3534,56768,6,{1415FF58-F5F2-4eca-9F2D-C1B0AF95CFAD},
3439,UL 1012 (02) ALL POWER UNITS,Custom,3534,60239,5,{F17ED1AB-4CFE-43a3-A1AB-73051A0546E5},
3440,UL 1012 (02a) CONSTRUCTION,Custom,3534,60288,33,{BE315F24-DC69-4114-B66F-8FF13D92BF41},
3434,"MRD PCE 07 FUNCTIONALITY, PERFORMANCE, ENVIRONMENT, USABILITY",Custom,3180,68919,11,{C79570C5-34B9-4543-A21A-365CFEFDA4E0},
3435,MRD PCE 7.1 Charger Purpose & Configuration Type,Custom,3180,69027,4,{3DF93A08-BAED-4683-ACFE-4168B74BC6C3},
3436,MRD PCE 7.2 Functionality - System Level Requirements,Custom,3180,68963,93,{7D5D8973-FB2D-4a1f-86DF-BD562E8F26CB},
3437,SAE ARP 1816E,Custom,3379,78997,0,{F79DD060-5184-4ac6-B9B9-BBE1793F4E25},
3430,PCE Remote HMI,Use Case,3036,78950,12,{69227A6F-604E-4368-A378-4AE4C8E48BD0},
3431,PCE Remote HMI - Context,Sequence,3367,78948,5,{3CF5C9CB-ABA2-4768-AEE2-737001A39CEB},
3433,PCE Remote HMI - Install,Use Case,3367,78947,24,{19B9AAA6-109C-43eb-9774-3FA9002BF88C},
3416,PosiLink Blake,Use Case,1244,79987,17,{8120F7FA-2D17-4a75-B5EF-C97F9CA37C37},
3417,PCE Charge Sequence,Sequence,3374,0,3,{A953798A-05DA-46b6-988C-178640721156},
3423,ProCore Charging States,Statechart,3376,0,0,{2933C59B-63C3-4d16-A7AC-F681D7417E1C},
3429,PCE Remote HMI - Set Equalization,Sequence,3367,78949,5,{3106A287-623A-405b-BA7A-1A9823CDFA09},
3412,04 Site,Logical,3370,0,22,{F12F8342-1A0B-472c-8DCE-07FA295431EA},
3413,PCE Remote HMI Context,Logical,3134,78807,6,{6F7A5E8E-942D-4c40-9475-7656A14594FB},
3414,PCE Remote HMI Context,CompositeStructure,3134,78807,9,{158FD9BF-9ED3-4c42-9761-ADAE7F736235},
3409,02 What,Use Case,3367,0,23,{86844BD8-B9F6-412e-BD4F-B6835C33F11F},
3410,03 When,Use Case,3368,0,17,{7C00618C-AF6C-485e-8907-2D14A6A4BEBD},
3411,04 Where,Use Case,3369,0,25,{A89E298D-5AC2-424d-9E33-78C3CBA24528},
3406,Cable ASM Use - Abuse,Custom,3366,78796,11,{9C8E5D61-499A-4e39-AF24-FDB4F5D12413},
3407,Cable ASM Use - Storage,Custom,3366,78796,6,{039475FD-308C-45a6-8AFB-C61304B69569},
3408,Cable ASM,Statechart,2392,52660,5,{3A68C6CB-11EF-4624-BC93-0EE8E03D6CCF},
3403,Cable ASM Use - Location,Custom,3366,78796,16,{FD903C67-5DC8-4ee5-8E19-B45A984EEDA2},
3404,Cable ASM Use - Lifecycle,Custom,3366,78796,7,{D5B383A7-D100-43b3-A04D-E5E5806953E6},
3405,Cable ASM Use - Handling,Custom,3366,78796,12,{C015602D-8FAA-44e8-8978-F97B6C15A3B3},
3399,IPC Product Marking,Statechart,3446,51987,8,{02EC2A22-F87E-4e5e-99CD-4E8D726A7720},
3401,Location Type,Use Case,3369,79732,4,{B4B0D048-653B-4716-82AA-0290587DA233},
3402,Accessibility Use,Use Case,3369,79731,5,{D858FB18-6355-493d-ACB8-AC9878530EE1},
3394,Cable ASM Context - User,Logical,2392,0,9,{49E6E51F-EC21-425a-B965-E367359A2156},
3395,Cable ASM - User When/Where,Use Case,3363,0,14,{81B4E114-8BE2-45d8-9DA7-EDE6EA3458DC},
3396,59 Drop Test,Custom,3239,67382,4,{08D489C8-1667-40c2-98D0-915AF19EF669},
3336,Staples Button: PCE Stop Button,CompositeStructure,3324,78393,43,{7FA54052-1B68-42bb-8335-F95EDBABCB88},
3338,DC-DC Converter,Logical,3325,0,0,{B419BD0C-36C2-46b1-A109-CE0B9D2EDF1C},
3389,Current Sensor,Logical,3361,0,3,{BD54F6F2-8CDB-407c-B7D1-81C69B94F575},
3393,Cable ASM - User What/How,Use Case,3363,0,15,{D262980D-1A03-4c30-A4F4-5731E94BD8A3},
3334,2.8 Service And Installation Requirements,Custom,3323,78376,14,{210A7BA0-28E1-4086-8508-D69B4EC6F29F},
3335,PCE Stop Button - Staples,Logical,3324,0,10,{0873DD6E-3EB6-47c2-93E8-36A8CD872F7A},
3332,2.6.2 Operating Environment,Custom,3323,78364,3,{0E126EE3-0C29-4f1e-BFF9-733ABCBABEBF},
3333,2.7 Interface Requirements,Custom,3323,78368,33,{B3C6FA90-AF12-42b7-8B89-8052A1619F83},
3330,2.5 Mechanical Requirements,Custom,3323,78353,20,{8C2F9160-4142-491e-B203-9BD97FAA5325},
3331,2.6 Environmental Requirements,Custom,3323,78362,12,{D95914B5-06A7-4216-9191-1DC377D15FC2},
3328,2.4 Agency And Reliability Requirements,Custom,3323,78346,25,{DDEE6180-92AB-4828-AB6F-BBB2535CD8A7},"The MVS Server shall be listed under the UL specification UL1012 Power Supplies at 480 VAC input.  The MVS Server shall also be approved under the CSA (cUL) specification  CSA22.2 no. 107, at 480 and 600 VAC input"
3329,"2.4.3 Sags, Surges, and Strikes",Custom,3323,78349,4,{A6169999-258E-4299-93CB-186B647CF206},
3326,2.3 Output Specification,Custom,3323,78339,22,{6E6CC1F5-EA30-4946-99BD-B543B13CD50F},
3327,2.3.4 Output Wiring Requirements,Custom,3323,78343,14,{78637E6B-0567-45f2-BECC-02A38C0D369D},
3324,2.1.4 System Pre-Charge,Custom,3323,78330,9,{CEF2F2E5-FECE-46ab-B2F0-A326ED6023D3},
3325,2.2 Input Specification,Custom,3323,78332,20,{54AAABA6-1DA8-4746-B212-832A463F23FC},
3321,MVS PRD,Custom,3323,78323,3,{08D74746-01EC-4b09-BFE9-6A7C6F01902F},
3322,2 Functional Requirements,Custom,3323,78325,9,{6331309A-E302-4450-A1F0-F2EEDC2171B9},
3323,2.1 System Level Requirements,Custom,3323,78326,16,{E502C466-2A3C-4a72-ADD4-B81E0A86FD45},
3312,2.6.05 Operating Temperature Range,Custom,3318,78238,4,{E2AA3881-8154-4ad5-8E59-BC864F2801EF},
3313,2.7 Administrative Requirements,Custom,3318,78250,14,{D2A53BD6-EDF1-4b11-8CFE-D011C9090F6C},
3320,MVS PRD,Custom,3323,0,0,{5883702D-FC47-4b91-B444-630B4137E7A6},
3310,2.5 Mechanical Requirements,Custom,3318,78213,42,{915CF3CC-D88F-47db-99C1-FA92B5BC0009},
3311,2.6 Agency/Reliability Requirements 2.6.01-2.6.02,Custom,3318,78233,37,{AACA6957-FE99-4a2d-8D3E-5A29A7771006},
3307,2.4.2 Voltage Operating Range,Custom,3318,78206,2,{3A088FAB-2945-49f9-8651-F03E8222AE41},
3308,2.4.3 Operating Current Range,Custom,3318,78207,6,{007E0828-34AE-4ea1-94A5-572776F0A2E4},
3309,2.4.7 Output Connection,Custom,3318,78211,5,{F588C778-ACB0-4a27-9558-5A5A300B0612},
3305,2.3 AC Input Requirements,Custom,3318,78189,31,{F7AF83D3-6F21-4bac-981C-2169057FDEDE},
3306,2.4 DC Output Requirements,Custom,3318,78204,23,{C90CADDD-DDB9-4904-BBB9-EB66A2D2C32E},
3303,2.2.5 Accessory Driver Kit,Custom,3318,78184,5,{3F68B569-B43D-4666-A287-7462AC022B7B},
3304,2.2.6 Optional RS-422 Interface,Custom,3318,78185,11,{7427F38C-BE5D-4717-B8E3-7CF2E825CD26},
3301,2.2 Interface Requirements,Custom,3318,78179,29,{C7F3E83C-AEAD-4905-9F0F-1D07D5815749},
3302,2.2.1 Control Panel Interface,Custom,3318,78180,12,{55353C61-D12C-474f-A34D-589F595B0E26},
3299,2 Functional Requirements,Custom,3318,78173,8,{FB84D853-D413-42fd-904D-A6851A857308},
3300,2.1 System Level Requirements,Custom,3318,78174,15,{CEDC48ED-01E2-42f1-A502-FD8B0FDB8627},
3296,DVS Structural,Logical,3316,0,7,{9329B0AE-5A04-40d2-AB3C-48EEFA04D6D9},
3297,SVS Variants,Logical,3317,0,10,{FC092026-183E-4d65-9AC9-66E60906B03B},
3298,DVS PRD,Custom,3318,78256,3,{4A7FAFB8-430D-407b-A800-9E8DFE78273B},
3294,Installation,Statechart,3448,23048,8,{AD63D60A-1957-485f-91D5-51645001694D},
3295,Power Station - Gen3,Logical,3646,0,16,{A8208FB7-C825-401f-9ED6-41A34D18A3C7},
3292,Universal BMID Market Requirements,Custom,1454,78160,21,{79F1AEC4-E719-496c-AC5F-152E95CE210A},
3293,2.3 Electrical Requirements,Custom,1454,78144,51,{E4D49E37-9B76-427d-B33E-E478B6CF3745},
3290,5 Safety/Regulatory,Custom,1454,78158,28,{E8994BE3-E4B4-45fa-9934-86AE02C218D4},
3291,7 Warranty,Custom,1454,78159,4,{D8A7EE68-74D2-4dbf-9156-A1F585F16DC5},
3288,3 Environmental,Custom,1454,78156,24,{8499C9E5-B82C-4066-9E1A-FFB0F0E76B52},
3289,4 Reliability,Custom,1454,78157,9,{35BD5CE0-E467-4d5b-9BD4-52EBE871AA43},
3286,2.5 Mechanical Requirements,Custom,1454,78145,20,{F841E5C8-CF35-4e83-ABF6-CBA35402D06E},
3287,2.6 Installation Kit,Custom,1454,78146,4,{DA4C17BE-20C4-4964-A5D5-A89E37D53E08},
3285,2.4 Software Requirements,Custom,1454,78155,55,{23E106A2-A6FA-4549-B6D9-3741F40F5CB5},
3282,2.3.6 Real Time Clock,Custom,1454,78152,3,{1DE43A26-8429-451c-84F1-99BEA2B052F9},
3283,2.3.7 Status LEDs,Custom,1454,78153,5,{202ECFC9-C26E-49bf-926E-F6B15EDA97F9},
3284,2.3.8 Fault Tolerance,Custom,1454,78154,4,{F7FE7144-D54F-4d2d-B5A1-93504FC98DBE},
3280,2.3.4 Power Requirements,Custom,1454,78150,5,{3613639C-261A-487d-954E-D478717D99DA},
3281,2.3.5 Analog Measurements,Custom,1454,78151,18,{F2BDD22D-5EEC-4af7-AB9E-9C3DEB4FC361},
3278,2.3.2 Communication Ports,Custom,1454,78148,14,{F8AA7844-6E94-4e49-9569-3FACB8B7B205},
3279,2.3.3 Support Webasto Universal BMID Protocol,Custom,1454,78149,9,{9FB02A0A-9050-4cee-9AF1-3E33DEE0BAA1},
3276,2.2 Compatibility Requirements,Custom,1454,78143,23,{C4310700-94EA-4fbb-81E9-45ECB48BA3D3},
3277,2.3.1 Non-Volatile Memory,Custom,1454,78147,13,{0F00F6CF-8B2A-4a75-B576-6A09A967A705},
3274,E02: Battery Mounting,Custom,1454,31870,4,{7C5FBBB2-5A41-4db2-BE55-659717567631},
3275,2 System Requirements,Custom,1454,78142,14,{0593BF2D-EDBE-4d82-A795-EDF8A343F9A2},
3272,E01: Data Collection & Transmission,Custom,1454,31869,20,{D5C89AA1-5618-4b22-9F5E-57F962946637},
3273,1 Product Overview,Custom,1454,78141,11,{7707DF5A-82E9-4210-970D-EB0906D971CD},
3271,BMID Validation TPxxxx,Activity,3314,0,65,{D16A0D3E-D45D-494c-A401-BC7DB5F3FB0B},
3270,BMID Validation TPxxx,Activity,3314,0,28,{88513F5A-0D68-43cf-B9F3-C2B18041904D},
3256,SW - PCE Pre-1.363,Logical,3311,0,17,{176BEB72-793F-4cd2-A3B0-4D1564E8D7B2},
3269,BMID Validation TPxx,Activity,3314,0,13,{D0614BA7-8CD5-4c1e-8161-E3FE1DD159B7},
3248,DVS 330 IP55,Logical,3308,0,1,{81555ACF-43A0-439c-BC90-7D63517AA4A9},
3254,Full Charge / EQ,Activity,3310,0,20,{8B1A1214-7622-41cd-BA8A-5970FFC146C5},
3255,SW - PCE,Logical,3311,0,21,{67CB83DF-0FF7-43d9-9C0B-AD3514BA86BC},
3229,07 Standard conditions for operation in service and for installation,Custom,3300,77352,3,{0AC61C20-D380-436f-BE22-732FDC749345},
3230,08 Requirements for construction and operation,Custom,3300,77351,7,{1086E9EE-45C6-400f-9BD6-21F35380C50A},
3231,09 Test,Custom,3300,77350,29,{95E9A07A-001D-46c5-BFCE-2098EFC1C2E6},
3226,PCE Stop Button Specs,Activity,3134,0,10,{D435BA49-F063-4775-8444-1310B4C83471},
3227,PCE Stop Button,Activity,3134,59747,11,{6BDD3EC4-78A2-49b7-AA2D-6E0B71801A5D},
3228,05 Characteristics of IC-CPDs,Custom,3300,77354,5,{433EDC8E-1432-4ea9-9BDB-729C618C8C34},
3223,ProCore Edge,CompositeStructure,1252,29101,12,{087F8E61-ACF1-4149-8ADD-FD08E82108E3},
3224,UC PCE with 600VAC Transformer Install,Use Case,3371,80785,7,{E083B2BE-53E7-4e69-BC87-1C2F20929725},
3225,UC PCE with 600VAC Transformer,Use Case,3371,80785,3,{A0FE505A-B9D6-4c7c-A7E0-56E269BFC017},
3220,ProCore Edge with 600VAC Transformer,Logical,3298,0,5,{717EADD6-51E7-40cc-8F9C-0C5C09094F72},
3221,PCE Stop Button,Custom,3299,0,11,{40A6352D-8893-4f75-884C-42E422722FEA},
3222,PCE - 600VAC Transformer,CompositeStructure,3298,77298,16,{4CC9C0FC-6314-479b-B324-FBEDDF51EE27},
3217,03 Terms and definitions,Custom,3297,77062,3,{58381DDB-4376-4cab-A6FC-5507653C72F1},
3218,05 Immunity requirements,Custom,3297,77060,17,{CCA0F6C2-4D97-4c63-AF07-5B456F20FB24},
3219,06 Emission requirements,Custom,3297,77059,31,{D13E26C2-113A-4c01-B603-2BD9BCFDF51B},
3212,PCE Remote HMI - Context,Use Case,3367,78948,12,{B615D1E7-15F4-44fe-9C04-E94A533CADE9},
3214,03 Terms and definitions,Custom,3296,75881,9,{F55EA52A-CA7D-4d01-BDF6-FF7CA632727B},
3215,12 EV supply equipment constructional requirements and tests,Custom,3296,75884,3,{63453EE1-59E7-48ae-B241-2EA72DB5516D},
3209,Crimp Connector Contact,Activity,3133,59711,13,{D4F44F85-B6E5-4c71-B43E-605B0139ABD3},
3210,DVS 330 E,Logical,3294,0,10,{5F977688-1461-4a1a-84ED-FF9141ED519D},
3211,DVS 330 E Context,CompositeStructure,3294,75557,9,{A81E77DB-DBEB-4321-BF39-372002EAAE62},
3206,UL 486 A-B ANNEX A � Informative References (Informative),Custom,3535,75038,28,{04D4A999-3077-4285-A5B8-DDEC8A17E086},
3207,UL 486 A-B 6.1 General,Custom,3535,75118,8,{D876A78F-09FA-431b-8A07-62F7C25D1B5B},
3208,ASTM,Custom,3292,79537,0,{CFBC1CC7-EFDF-4622-941B-E08F411BEE2D},
3203,UL 486 A-B 2.1 Normative references,Custom,3535,75262,19,{455D223F-9B7F-4f8d-A122-52ED74DBD1D1},
3204,ANCE,Custom,3290,75491,2,{33A64EAA-8290-4e28-B278-443C26FE620F},
3205,NOM,Custom,3291,79532,3,{29A05DF2-9710-4d48-8978-7FD4B4BA369A},
3196,Crimp Measurement,Activity,3163,59573,6,{875050F0-F549-4f75-BC53-CBA1C2A77A6E},
3201,UL 486A-B,Custom,3535,58715,17,{7AB28AD5-1CE5-4852-9F78-A6C5A0039233},
3202,UL 486 A-B 01 Scope,Custom,3535,75036,7,{E0C81EEE-55ED-4f99-9693-165F9167980C},
3190,PosiGuard Assembly,Activity,3283,0,43,{7156F1FA-1EED-45c0-B046-4C1D6748D7BE},
3194,UBMID Sensor Kit,Logical,3284,0,3,{BF748B4F-7705-4f5e-8D11-888C6E6A478B},
3195,Pull Test,Activity,3163,59568,6,{92BAC7DC-B38E-4827-A3FC-35A99A7A9807},
3174,Anderson Crimp Resistance,Custom,3206,0,11,{6821B6D8-7ECB-49ae-9087-FA7539A83B92},
3175,Anderson Crimp Force,Custom,3206,0,11,{CE2F60BE-DEAB-4f9c-AD6E-4D5E63AC7755},
3176,Anderson Crimp Geometry,Custom,3206,0,13,{C1804020-91E8-482e-8BF1-17C4D725FD23},
3161,PosiGuard Variants,Logical,3276,0,9,{8123A377-5DFF-4ad7-BE99-816426BEBD02},
3162,PosiGuard SKUs,Logical,3276,0,6,{B90553F3-4F9B-4372-9095-2731F670D9CE},
3171,Enclosure ASM,Logical,3278,0,0,{67043D99-4ADA-4e55-84AE-0F041F468FC8},
3173,Skylink Kit,Custom,3014,0,14,{33E37D43-F3F8-4530-AF8A-7EBAACD37887},
3150,LAX_2406 B. SAE J1772 Ports,Custom,3271,65461,6,{CAFE027A-92BB-4a68-ACCC-39FF546942E8},
3152,LAX_2406 Table: RSMS Information,Custom,3271,65410,1,{24610B5E-B10D-42ed-9E28-800E4C0B26B6},
3153,LAX_2406 2.05 K.,Custom,3271,65415,29,{955CBF18-52A6-49df-87AB-51B1DCCB333D},
3145,Ground Support Equipment,CompositeStructure,1245,29063,8,{CBF0928E-1C77-490a-8167-1FF6BFF94C9D},
3146,Electrical Panel - 3 Phase,CompositeStructure,3242,68863,6,{F829D191-1C77-4303-B190-457AD5F48E7A},
3149,Output Current,Logical,3442,73878,1,{C1A08127-C405-4d1f-9B09-2CA594B73B2C},
3141,"LAX_2406 1.07 DELIVERY, STORAGE, AND HANDLING",Custom,3271,65447,7,{60506BD5-2528-4f8b-ABD7-6C564F8977A7},
3142,Mount - EVSE to GSE,CompositeStructure,1082,64570,3,{2DFB7664-A013-4e4c-AC39-A4D1B5CEB730},
3144,DVS 330 E Buck Context,CompositeStructure,3187,64912,49,{18E42826-7A3B-4614-825E-20153CC8B60C},
3138,04 Technical documentation,Custom,3270,73608,3,{86BAB2B4-F068-46bb-9655-586EEC5B11FD},
3139,LAX_2406 1.05 SUBMITTALS,Custom,3271,65470,14,{37EE8D18-24B5-4049-9BA6-2255CA31639E},
3140,LAX_2406 1.06 QUALITY ASSURANCE,Custom,3271,65420,4,{B38325F8-6404-4856-B125-DCA1382BFF07},
3135,02 Definitions,Custom,3268,73255,7,{F61DA4F2-7AEF-4341-8405-2BB3A6D5BE7D},
3136,06 Protective Systems,Custom,3268,73251,7,{26B4A175-F1C2-4b67-8CA7-AD84ECA23C97},
3137,BMID Context,Logical,1191,0,11,{A48CA5EC-6922-4720-9360-E0DF8B8515AB},
3131,32 Extra-Low-Resistance Ground Fault Test,Custom,3266,72705,7,{0314CAE5-09ED-495c-A71C-B53ED40611BF},
3132,40 Leakage Cancellation Tests,Custom,3266,72686,5,{CD66DC62-A93C-415c-B10A-A77AEC78D7A0},
3133,43 General,Custom,3266,72687,3,{9EE3E32F-FB2C-4b6f-8702-26CB7372986E},
3128,25 Normal Temperature Test,Custom,3266,72691,3,{AB2D11C4-40AF-4799-9162-6A9F224D9A0A},
3129,26 Dielectric Voltage-Withstand Test,Custom,3266,72690,3,{56359D30-5296-4ca8-BED8-4B77811ECB2E},
3130,29 Low-Resistance Ground Fault Test,Custom,3266,72697,7,{6414FCC9-F226-47de-9112-427B0657EA44},
3125,19 General,Custom,3266,72719,5,{3CC00D6E-FEF5-444a-83E1-1DE5CBB6148A},
3126,21 Leakage Current Test,Custom,3266,72695,9,{5352D886-9224-405b-9540-47A4F54019E2},
3127,23 System Operational Test Requirements,Custom,3266,72693,33,{EA0A8C52-68C2-4d64-A2AC-173E0A2ECFF9},
3120,Wire-A320-40-4215-DC-,Logical,3259,0,9,{E61EF637-37C9-4f54-823F-C6598425065F},
3123,10 Accessibility of Energized Parts,Custom,3266,72722,3,{C50C5562-D528-4bf3-BA3E-6365A458CBB3},
3124,12 Spacings,Custom,3266,72720,5,{568DEA83-BD12-4433-A6A7-70443BFC4736},
3117,Signal-A160/320-18-4405,Logical,3261,0,9,{27CCF950-2E44-4b49-858A-B7541907CB93},
3118,Wire-A320-40-4215-DC+,CompositeStructure,3260,72031,18,{5DB0E2AE-770A-4ed6-A066-D55AD22CC35E},
3119,Wire-A320-40-4215-DC+,Logical,3260,0,9,{8BA02E36-9108-44fb-BAD9-817DE14BBE42},
3114,Cable-A320-40-RX-4215,Statechart,3258,0,17,{B5B31FE6-92CB-4cd6-B857-D8589CA1FF90},
3115,Sleeve-4215,Logical,3257,0,5,{261219AD-F6A4-41e1-9E96-02E9101C211B},
3116,RX-ASM,Logical,3262,0,5,{606976D8-F2C5-485d-96A8-1F34A107EA41},
3111,ASM-A320-Gray-Y-H-40-RX-4215,Logical,3256,0,11,{5ABA1275-F3F3-483b-921C-AE4A90463372},
3112,Cable-A320-40-RX-4215,Logical,3258,0,7,{0531E042-C696-43ab-B4AC-EA819FC2CD4A},
3113,Cable-A320-40-RX-4215,Custom,3258,0,31,{CF39EF5B-86CF-4b6f-A478-30E37BCEED02},
3108,07 Exposure Conditions,Custom,3254,71169,11,{B4513089-7A86-4a89-BD5D-E7B2309B44C7},
3109,Cable - 3 conductor,CompositeStructure,2512,69739,16,{393EA60A-9B48-43c1-A968-155482CF9A12},
3110,Connect-A320-Gray-Y-H,Logical,3263,0,7,{3327F09B-62B3-4aea-B494-5CD56046FA60},
3104,14 Dielectric Voltage-Withstand Tests,Custom,3252,70904,3,{F84582F8-B3E4-4210-A5EA-2EE586E6FB7B},
3105,15 Printed Wiring Board Coating Performance Test,Custom,3252,70905,7,{A11CD337-0D13-4ca7-822C-45D13082B0DF},
3107,04 General,Custom,3254,71172,3,{D5A99B2E-E22C-41a8-97DE-DD3B9A34473F},
3101,08 Clearance B (Controlled Overvoltage),Custom,3252,70892,5,{E3AA5128-693D-4b34-884C-C9626D15B200},
3102,09 Creepage Distances,Custom,3252,70891,9,{AA6605EB-0F0B-4304-86FA-20EF6FB3CB62},
3103,10 Measurement of Clearance and Creepage Distances,Custom,3252,70902,29,{82F833EA-41EA-4676-B8A5-DBA73037CC6D},
3098,"11 Thin Material Vertical Burning Test; VTM-0, VTM-1, or VTM-2...",Custom,3251,70520,5,{95B5F80A-8021-40b4-8F04-4373C04D6878},
3099,"12 Horizontal Burning Foamed Material Test; HBF, HF-1, or HF-2...",Custom,3251,70517,9,{A12822AC-8385-4347-A065-51DB33025D67},
3100,07 Clearance A (Equivalency),Custom,3252,70893,3,{EAAA564B-BD2E-4c32-96EE-249B84788FBF},
3095,"08 50W (20 mm) Vertical Burning Test; V-0, V-1, or V-2",Custom,3251,70509,5,{65BA9B50-B5E2-45ae-A091-92FFD1537B0A},
3096,09 W (125 mm) Vertical Burning Test; 5VA or 5VB,Custom,3251,70508,7,{7023D68A-19D3-4a25-AF44-F863E987C30C},
3097,10 Radiant Panel Flame Spread Test,Custom,3251,70519,3,{E555E469-DF4B-44cf-8B26-3EBF395DD3EF},
3092,57 Identification and Marking of Terminals,Custom,3250,69777,9,{D7F1E1D8-7AB3-45c9-960D-4663095D3C7F},
3093,Cable - 4 conductor,CompositeStructure,2512,69740,21,{A974C7C2-3A09-4aec-A94F-68E4D576BC99},
3094,07 Horizontal Burning Test; HB,Custom,3251,70510,7,{3B79F2B1-8D76-4ae1-9066-781B3E763114},
3089,52 Accelerated Aging Gasket Test,Custom,3250,69780,5,{0B9EEA6F-99B6-4acd-B9B7-B56A79CAFB76},
3090,54 Enclosure Tests for Environmental Protection,Custom,3250,69778,15,{779100C7-F969-41e3-B4B7-7B2AD917B1FB},
3091,56 General,Custom,3250,69776,3,{3D196BA6-E5DC-4c2b-AA71-FA6CFCA96E13},
3086,45 Temperature Rise Test,Custom,3250,69760,7,{B3BA370F-2E52-417f-BC37-65102910F1FE},
3087,46 Fuseholder Temperature Test,Custom,3250,69763,3,{73C7E7DA-8E9E-4db0-BCFB-66C3939C8C20},
3088,47 Surface Temperatures,Custom,3250,69762,3,{F0D94944-84D4-465c-AEBC-6F7A59C35076},
3083,38 Grounding Path Current Test,Custom,3250,69792,3,{9D04C941-01CE-476e-ABCF-BDE7DE07ECB6},
3084,39 Short Circuit Test,Custom,3250,69793,17,{9A1B3D46-3F5A-413c-9EAC-D64A294A772B},
3085,44 Electromagnetic Test (Pilot Contacts),Custom,3250,69761,3,{F877165D-A3F6-4d47-8574-8822434485CB},
3080,33 Cable Secureness Test,Custom,3250,69791,3,{62B86DC8-E186-468e-832E-A1FBF64ED470},
3081,"34 Impact Test (EV Plugs, Vehicle Connectors, and EV Breakaway Couplings)",Custom,3250,69784,3,{1FF015FF-F6BD-4ed5-85B8-788A6E317A79},
3082,37 Withdrawal Force Test,Custom,3250,69787,3,{CBBF2989-5772-4634-8CDC-B782CFF24096},
3077,24 Representative Devices,Custom,3250,69769,7,{43FD4362-43FA-4b85-9101-F609D32EBBF1},
3078,27 Moisture Absorption Resistance,Custom,3250,69766,3,{CD54384C-C5A9-44c8-8B06-9323CBF9FBE2},
3079,32 Conductor Secureness and Pullout Test,Custom,3250,69790,3,{DA7CF654-A463-4569-B13D-73002920015E},
3074,13 Accessibility of Live Parts,Custom,3250,69806,3,{2CACC905-6337-4299-B248-5130FB0D05BB},
3075,15 Grounding Connections,Custom,3250,69812,5,{B23BFE4E-779B-460d-BEA5-8DE4DC91B53A},
3076,17 Terminal Parts,Custom,3250,69810,3,{70335698-1848-44d0-96CF-F5A58E1517FE},
3069,Mixed Use Digital,Use Case,3247,0,38,{9157A033-917C-4d67-8592-BABE058DB88B},
3070,Cable Structure,Logical,2512,0,10,{B5EC3C20-EA6C-4e9d-8430-54E964BD8D55},
3072,Connector ASM - Anderson A80,Logical,3249,0,0,{55F54253-2929-4ef9-86FC-293306F61836},
3073,08 Insulating Materials,Custom,3250,69795,5,{D664155E-D191-486e-B11E-6D4EABE34437},
3061,Contact - Industrial,Logical,3131,0,5,{60769156-D37D-41b2-A02B-29EF11B5CA38},
3062,Contact - Industrial Variants,Logical,3244,0,0,{E9FCC449-7B03-4b4b-9D6B-A487A9F9F047},
3063,Cable - Infrastructure 4wire,CompositeStructure,1103,68813,1,{940FB08F-50D9-48e2-B8E0-D379F8DB492B},
3068,09 Marking,Custom,3246,69330,29,{BFFC86D4-416A-4645-B8B6-437AC080B0FE},
3058,MRD PCE 02 MARKET,Custom,3180,68914,21,{7A0261BC-7276-4e22-9625-515866CB603D},
3059,02 Prepare Cable,Activity,3133,59952,7,{C837D9B6-8C22-4a47-AEE3-84AB14F98CA9},
3060,03 Assemble Power Wire,Activity,3133,59699,6,{61365CD0-FDF6-4242-8547-05F46D93805B},
3056,MRD PCE 1.1 Product Description,Custom,3180,69023,16,{BD9E9463-72F6-43e7-8ADF-402DD219FE7C},
3057,MRD PCE 1.3 Application,Custom,3180,68913,6,{B5DCB64C-00BC-4f03-BB83-8D5718640F91},
3054,Maintain Efficiency,Activity,3954,69079,11,{E13D9383-EC3F-4dd9-AE06-DB9652297F2A},
3055,Battery Compatibility,Logical,3745,61524,1,{B1247013-662E-4c2b-98E5-A0B51AAFFB8D},
3052,MRD PCE 00 Introduction,Custom,3180,68910,13,{5BDBEE0F-5589-4baf-B4B0-38030716E26C},
3053,MRD PCE 1.2 Features - Function,Custom,3180,69024,13,{8CD2BB6C-086F-44c6-A3A1-2F19D9934FBC},
3049,Circuit Breaker - Single Phase,CompositeStructure,1349,68844,3,{C6E48916-13A6-4a54-8673-30C0DDA391D8},
3050,Electrical Panel,Logical,3242,0,9,{0F7C5B63-9DF8-4914-B34B-2B34951FFEBC},
3051,MRD Opportunity Charger System,Custom,3180,68870,12,{D20311C8-FE29-46c8-A7EF-D726CA83299D},
3046,Transformer - 3wire to 3wire,CompositeStructure,1124,52780,7,{FB80AB6A-7ADF-46f2-9658-5FE23F476FFD},
3047,Circuit Breaker - Split Phase,CompositeStructure,1349,68843,5,{A68EAB15-3069-42ab-90F0-E87099BEFEC1},
3048,Circuit Breaker - 3 Phase,CompositeStructure,1349,68842,7,{FC0879B0-B35F-462e-8273-F0ECD0E7E5FB},
3043,MVSE Context,Logical,3241,0,11,{BC5045F0-CC85-489e-98CB-38874ADB2704},
3044,Context - MVSE,CompositeStructure,3241,68809,37,{67168261-E509-40e2-9744-92E3CF15EFC8},
3045,Transformer,CompositeStructure,1124,27275,7,{8DAE4AF5-A9DA-4448-BFF5-7F523C60D41F},
3040,2-1 Material Receiving,Activity,3234,67336,6,{30E93E39-0089-4a19-AB6F-BD31F889D8BA},
3041,4-1 Incoming Inspection,Activity,3234,67954,1,{A70BA36A-9098-4518-96FF-E2C593333AF5},
3042,4-1 Incoming Inspection,Statechart,3234,67954,1,{4A7C83A7-242F-4014-B1D1-2EB22BD0827B},
3032,Mode,Statechart,3235,0,1,{A826821C-2BF4-4602-8A72-29B99AB0A65F},
3033,Effect,Custom,3236,0,1,{E1A6359E-58C4-4a81-A46C-D4B8D149CC76},
3034,Preventative Action,Activity,3237,0,0,{3CC30E85-7725-4b06-B7A8-4DA522C5CF8D},
3035,Detection Action,Activity,3238,0,0,{A233FE8A-2634-47ad-8EB5-6F365C14D7D4},
3036,07 Frame and Enclosure,Custom,3239,68625,5,{D98887DD-630B-4518-8764-8C85CDCC528C},
3028,Package Status,Statechart,3234,67336,12,{0F107076-D6C0-4cd7-B452-D564F56B2F6E},
3029,Gen2 Assembly,Logical,3232,0,13,{BFA08330-7B82-470a-BA17-B64F542C6AB1},
3030,Failure Cause,Statechart,3233,0,4,{E68870CE-766F-498c-AD4F-9D5382EF682B},
3031,Process,Activity,3234,0,0,{DA1A47D2-E849-4833-A323-56D0D1D1BC90},
3006,2.08 PHYSICAL CHARACTERISTICS,Custom,3271,65406,7,{A34D1F48-5A92-439f-95B8-9A7A7343F0E0},
3007,2.08.A. Design and Construction,Custom,3271,65456,8,{12B8E5B5-C905-4b56-9D0D-B6A2B0D2CDD8},
3027,Gen2 Assembly,Activity,3232,0,8,{BD29C0A2-BB45-4cb6-8EB5-746923810E87},
2990,Sleeve-3962,Logical,3220,0,5,{AA60CCE7-E13A-4714-A6B5-81009EB589BF},
2991,Connect-R640-Gray-Bu,Logical,3221,0,7,{217D2CE9-35D6-4fd5-8BCF-4D695DB9724A},
2992,Connector Kit - REMA 640,Logical,3222,0,18,{351B5B73-55BC-493f-9820-D35E4C28E422},
2987,Connector ASM - Shaultbau LV500,Logical,3209,0,7,{EC14127D-D4BF-4b72-AEB2-02A6501C2511},
2988,Instance Specifications,Custom,3206,0,23,{4D2C8A22-5939-46c3-9F6D-75D1122FF3A2},
2989,pConnector ASM - REMA 640,Logical,3219,0,8,{5157D74C-B5D7-4ce5-9588-8E07E2B68716},
2983,Connector ASM - REMA 640,Logical,3202,0,7,{82275470-86B1-4ad4-B1D9-C1DE0B91E99C},
2984,Coding Key - Industrial,Logical,3203,0,0,{1A5F9EFE-48C0-4ed2-9463-F428674B33EC},
2985,Connector ASM - REMA 320,Logical,3207,0,0,{000620BD-8EAB-44e6-81FE-2192BE342CD1},
2986,Connector ASM - Shaultbau LV320,Logical,3208,0,7,{DFE9EFD1-4DAA-421c-AD48-CCDC2D920978},
2981,2.06 CABLE MANAGEMENT,Custom,3271,65409,7,{5CD49877-17CB-494a-ADA3-FF9AB7B69AFF},
2982,2.07 FUNCTIONAL REQUIREMENTS,Custom,3271,65417,43,{A96124EF-4695-45bd-826A-EBF925CB52CA},
2979,2.04 B.,Custom,3271,65491,15,{CCE3D1A0-421D-4d2f-A2F0-252A2EE917F3},
2980,2.05 COMMUNICATION,Custom,3271,65400,26,{3EEAED58-C55A-4087-BE25-0178C4EF1AD9},
2977,ATA,Custom,3201,79538,0,{E580FD1D-43C2-435b-B8DE-E9F459491306},
2978,2.04 USER INTERFACE,Custom,3271,65424,7,{A1AE5348-98CA-4922-8666-6B7E1ABDECD1},
2974,IEEE,Custom,3198,79545,0,{F7F1006F-5A97-46bb-B4E5-7E2DA72F7B85},
2975,CSA,Custom,3199,79533,0,{E6A8EEE7-7B1D-4031-9126-2A44541DD3FB},
2976,NEMA,Custom,3200,79551,0,{B8D38D4C-95C7-4007-ABD7-F208E344101A},
2971,A. GSE Charging Ports,Custom,3271,65462,8,{E57F712E-3B79-4df5-BD52-519BF9614897},
2972,PART 1 GENERAL,Custom,3271,65419,26,{5ED482F9-512A-4eb2-9C35-BA7BDC115394},
2973,DoD,Custom,3197,79543,0,{C7B56ACF-0D5A-449c-BD9E-FCBEF2B80036},
2968,PART 2 PRODUCTS,Custom,3271,65390,10,{2067A375-94F7-4406-BD3E-36785600ED1E},
2969,2.02 INPUT REQUIREMENTS,Custom,3271,65391,9,{8F010B47-D8E0-478b-849A-66CBF35183A5},
2970,2.03 OUTPUT REQUIREMENTS,Custom,3271,65408,13,{F2E9052F-1CBA-43ad-B226-9B12C65418DC},
2965,Circuit Breaker,CompositeStructure,1349,27879,3,{348A7098-730A-4bac-BC47-A63BA86605A1},
2966,LAX,Custom,3196,0,2,{482F5401-3AF8-43f3-B537-34A55A90535B},
2967,SECTION 34 77 13.60 GSE BATTERY CHARGERS,Custom,3271,65389,4,{BC15FC8B-C278-4d9c-BF23-5601E1EA6236},
2954,DVS 330 E Buck,Logical,3187,0,10,{6B360C09-C69D-4442-A26D-F8DC6022648A},
2962,DVS 330 E 240 Context,CompositeStructure,3186,64910,12,{B589EF84-3B3C-4411-B6FE-1433DD73A5D1},
2964,Electrical Subpanel,CompositeStructure,3242,35273,3,{62C578F4-1F09-4f0a-ADFD-9CF69189F1BD},
2929,Wire ASM - A320-30-4215-DC+,Logical,3174,0,8,{DC793F98-CAAD-415d-BB2B-D346EB2A42F3},
2946,Power Station E Buck,Logical,3178,0,9,{8EC884A4-3800-46ed-93EC-7E99FED2B66A},
2947,Enclosure - DVS 330,Logical,3179,0,0,{418E4B40-BA29-487e-A009-82B7114AA98C},
2953,DVS 330 E 240,Logical,3186,0,8,{0418A374-C35D-4db0-948F-6095737FDDCC},
2926,Wire ASM - A320-40-4215-DC+,Logical,3170,0,8,{3F30F753-80EF-4581-87ED-9B95CBF2396F},
2927,A320 4/0,Statechart,3175,0,6,{55BC2FD3-E413-41b2-B1F7-9BAA40B12997},
2928,Wire-A320-30-4215-DC+,CompositeStructure,3174,61815,18,{831E4FC6-3B02-4e35-AF60-46B7E378A6E7},
2923,Connector - Anderson A,Logical,3167,0,7,{19F50D69-B2B2-4842-B1BD-07C549D7D5D3},
2924,Signal-A160/320-18-4405,Logical,3168,0,8,{B4D21292-9FE3-49a8-9986-A60C30D24F24},
2925,Wire-A320-40-4215-DC+,CompositeStructure,3170,61787,18,{863A0024-7DCE-4e81-85AD-9FA312BCBC8A},
2920,Cable ASM - Industrial,CompositeStructure,3016,56882,19,{94129AEE-8332-465e-9DBC-E463FA3420EC},
2921,pConnector - Anderson A320,Logical,3164,0,7,{8ED92728-8F6A-4c38-9D50-9CE241824381},
2922,pConnector - Anderson A160,Logical,3165,0,7,{DF452BC9-3414-4574-A361-645417B41220},
2916,Connector ASM - Anderson SB,Logical,3160,0,8,{C05DBD42-CB2E-48e6-8700-B6B0543D1A55},
2917,Connector ASM - Anderson SBX,Logical,3161,0,8,{8F3AF9D5-9382-457e-8F23-4C617AD2A330},
2918,Connector ASM - Anderson E,Logical,3162,0,5,{3C0B6581-DD2C-43f8-AA57-099ED2DA542F},
2919,Interface - Industrial,Custom,3163,0,0,{054A35A9-6699-4dd9-899F-194A275B3897},
2912,Connector ASM - Anderson A320,Logical,3156,0,19,{115F7320-0ED2-46e8-900F-0A0EEDD74F13},
2913,Connector ASM - Anderson A,Logical,3157,0,9,{BAB5E638-9F19-4d20-94B3-178C902462D5},
2914,Connector ASM - Anderson A160,Logical,3158,0,0,{B4A2B0C3-781F-4f34-B767-89D9139F281E},
2915,pAnderson A160,Logical,3159,0,0,{4038EBF6-6B6A-4ca7-AD0D-DC50220A7323},
2910,Compatibility,Logical,3745,81364,52,{0676149C-C2FF-4529-BB5C-8EEDEE7862EA},
2908,Embedded - IPC,Logical,1091,0,33,{1DECFA87-8765-4b1a-A0B9-F66E43A5B34F},
2909,Control Energy,Logical,3954,69100,1,{F6484368-B7DA-4aa2-9A74-9D6A842D2B97},
2898,UL Component Standards,Custom,953,52985,23,{62EE12CF-AFA6-496b-9DB7-8DDBA5AD653D},
2899,UL System Standards,Custom,953,52985,7,{A089F687-E230-4cca-A359-3C3B111FD045},
2896,UL 1564 06 Frame and Enclosure,Custom,3416,60079,44,{810973E8-701D-49b2-B1F0-BC1DF1F1FEFB},
2897,UL 1012 Standards for Components,Custom,3534,60276,5,{E8D7CDB3-327C-437a-ADF1-EFB256B436C2},
2895,UL 1564 2 Components,Custom,3416,60074,22,{2A399927-3824-4d02-BD1D-3AEAD28F8920},
2892,pWire,Logical,3149,0,6,{D5FBCD19-B7FC-4398-AB57-84BD5C07857F},
2893,UL 1564,Custom,3416,52139,9,{8C248C06-0A15-4755-AC7C-D1F9479D5EA8},
2894,UL 1564 (01) INTRODUCTION,Custom,3416,60072,6,{284FADE6-D738-4821-9992-B8D2C8E854F3},
2886,HVPS 150,Custom,3144,0,6,{5D70E107-C390-4177-BB6C-58C718E7224D},
2887,HVPS 150 steps,Activity,3144,0,4,{1F44E2F2-35ED-430b-A218-0B2CFD7076F3},
2888,PosiLink Issues,Activity,3145,0,11,{50E8C597-8104-4b06-AC4C-4328D25847B8},
2882,Connector ASM - Industrial Packages,Package,1162,0,12,{7CFF0A76-95FB-4101-8D49-E71EF1177487},
2883,Industrial BiDi,Use Case,3426,79985,4,{8501A1B1-872E-47e3-AD57-25B0F7F59D2C},
2885,HVPS 150,Logical,3144,0,20,{938F68EF-AAF0-4414-8921-112D5CCB6AF2},
2878,Connector ASM - Industrial Requirements,Custom,3206,0,26,{8DAC894C-1840-40ef-B935-02C6384B27C7},
2879,Cable ASM - Industrial Requirements,Custom,3016,0,3,{AE61D642-F0B7-48aa-8A11-D5798BA7157B},
2881,Cable ASM - 4 Signal,Logical,3142,0,6,{CFA5327B-C947-4637-B89C-45BBC601B25C},
2876,Hot Wire Ignition,Custom,3450,59882,1,{F0AB3B12-4671-4cca-8989-9AF7E1ACADC1},
2877,Electrical Insulation,Statechart,3442,23173,7,{DB58A399-5F8F-4938-AEE5-A62DC5D865EA},
2873,Conductor Design,Logical,3442,81401,1,{BA71FAAA-E56D-4c90-81B3-B3B1B16B5D46},
2874,Conductor Size,Statechart,3442,59892,19,{97EF705D-811B-4fef-BE4D-8209A266D7A0},
2875,UL 2237,Custom,953,59837,30,{2FD93377-DB22-4ed2-A68A-37A4B50C7A5F},
2870,ANSI,Custom,3139,79536,2,{DE46D068-59E9-4601-A4AB-9E317019DD6E},
2871,DIN,Custom,3140,79542,0,{1CCEE57E-3F32-4a01-AF64-CD141283910F},
2872,UL 1977,Custom,953,59834,11,{C4FC4763-A972-432d-850D-079ACE27945D},
2867,PCE Remote HMI - Start/Stop Charge,Use Case,3367,78759,21,{308A4041-B3C3-4e43-BF23-593459E4AB63},
2868,PCE Stop Button Installation,Activity,3372,0,21,{7BB781C5-DA3F-43b5-88C8-E8F4BF1D55FA},
2869,Production Requirements,Custom,3138,0,0,{CC866652-9ADD-499f-9450-27A0B39F89AB},
2864,PCE Stop Button,CompositeStructure,3134,59747,27,{4DA77006-AA4B-4b5c-AC20-67B0D5505EA0},
2865,Cable ASM - 2 Signal,CompositeStructure,3136,59750,1,{E8509713-EDB6-4dbd-8674-6AC7A37A81FD},
2866,Cable - twisted pair,Logical,3136,0,5,{12AF5251-ADC7-48ec-A9B0-4B3D1A8F2626},
2861,Switch,CompositeStructure,2391,31652,4,{BA547D34-1257-4a2f-9CF2-20D7B765B4E1},
2862,Enclosure - Stop Button,CompositeStructure,3486,59749,7,{AA6D794F-9938-4b2b-AB51-781910AF7A57},
2863,Button - Emergency Stop,CompositeStructure,2391,59746,4,{6574724C-7FD1-43a4-8BB5-518FFB5381D4},
2857,Industrial Cable Assembly,Activity,3133,0,49,{13F737C5-7483-4c2d-AC24-A8A2030D42BD},
2859,PCE Stop Button,Logical,3134,0,9,{89FB9562-8721-46bc-B917-00EE60B48B30},
2860,Enclosure - Accessory,Logical,3486,0,9,{8FCEB9A7-B35B-4ad0-BEFA-CFE445FEDE67},
2851,IPC,Custom,3129,79546,2,{4EB6E814-2B9C-43ba-AF8A-8A4818F6B55C},
2855,Contact - Compression Lug,Logical,3131,0,11,{85FC0964-C80C-4a6e-95FB-C8DB1613B1D6},
2856,Product Assembly,Package,3132,0,4,{C313B1A4-4DD0-4dce-858D-D1D446D2BECC},
2847,Electrical Isolation,Logical,3442,54509,6,{91A5BAF6-3BC3-4ee7-B0EE-7D92EF81C891},
2848,A320 4/0,Statechart,3126,0,6,{042CC871-FAD2-4cc8-AE7A-C37A90C3ACFD},
2849,SB350 Kit Gray,Logical,3127,0,4,{81641529-E9F2-4caf-B533-9FE6937EE0AA},
2844,Signal-A160/320-18-4405,Logical,3123,0,9,{82695297-7941-45fb-B698-9B218F1679B8},
2845,Wire-A320-40-4215-DC-,Logical,3125,0,9,{E58EE0ED-3E17-4723-A6A3-E14B89E5A65E},
2846,Cable-A320-40-RX-4215,Statechart,3118,0,17,{B2B2FDF0-271C-4a29-8875-5A80F60E9EAE},
2841,PCBA - Connect RX,CompositeStructure,3120,59347,4,{E0357277-F0ED-4d3a-8E24-EFA7A4653469},
2842,PCBA,CompositeStructure,1167,28240,15,{A7F26763-85ED-4903-9C62-B395E8305F7B},
2843,Anderson Requirements,Custom,3206,0,31,{1038188C-C5F5-4713-B517-F86FEE68DA6D},
2838,RX-ASM,Logical,3122,0,5,{6F135997-1DD4-4455-89DE-08080C1CD215},
2839,Cable ASM - Connect RX,CompositeStructure,3120,56879,24,{6994B8F5-39AB-480b-AFF5-149C9DF13933},
2840,Sensor ASM - Connect RX,CompositeStructure,3120,58737,15,{603EA6AD-E72C-453e-9E68-2861F1CEA9B0},
2834,Wire-A320-40-4215-DC+,CompositeStructure,3124,59341,18,{7BE165D2-E1B8-4c70-9E67-AFA68E65AA57},
2835,Wire-A320-40-4215-DC+,Logical,3124,0,9,{F13E95F4-D4F4-47e5-87B7-150BDDA3CC6A},
2836,7 Frame and Enclosure,Use Case,2364,0,2,{45DFB747-E8CA-43f0-9672-07CA85EB8348},
2811,Sleeve-4215,Logical,3119,0,5,{AEC6E77E-5B0B-4e89-BAF2-FBDA201DDA83},
2832,Sensor ASM - Connect RX,Logical,3120,0,6,{19F0D6E8-1F8D-4bc5-906B-30EB96FD5E57},
2833,Contact - Industrial Aux pin,CompositeStructure,3131,56872,4,{AB6539D7-DC38-4c61-8242-269E83110A3C},
2808,Connect-A320-Gray-Y-H,Logical,3116,0,7,{A4C57AA9-AB55-40dc-A03A-57B948EAA4FF},
2809,ASM-A320-Gray-Y-H-40-RX-4215,Logical,3117,0,11,{C45E0B2D-C7D3-441c-9109-F0B0607FCA86},
2810,Cable-A320-40-RX-4215,Logical,3118,0,7,{79628D1A-5984-437e-BCBF-F707F6F75769},
2805,Wire ASM - Industrial Power,CompositeStructure,3113,56897,31,{692F1851-9A82-402b-B508-43DABE62CC21},
2806,Cable ASM - 4 Signal,CompositeStructure,3142,58601,49,{B5F17BCF-882A-4ee9-95CA-EABA58ADA8F0},
2807,Cable - 2 twisted pair Industrial,Logical,3114,0,6,{74CB5E6C-85C8-471b-813E-EE6DB84842AF},
2802,REMA 640 Specification,Logical,3202,0,13,{5F3D70A7-6BB4-4510-8E90-91D14C4B3A41},
2803,pAnderson A320,Logical,3112,0,23,{E4308374-B385-47ae-ADFD-C89A85721DC7},
2804,Wire ASM - Industrial Power,Logical,3113,0,6,{67A7FD5B-65C4-4a2e-9219-E68CE6065127},
2800,Comparitive Tracking Index,Logical,3447,58620,2,{9D8322A3-2027-4622-9E55-63882B643214},
2801,REMA 320 Specification,Logical,3207,0,17,{015AD206-240D-4299-B8BB-36B15F0ECA47},
2797,EN,Custom,3111,79544,3,{5A682945-AA88-4102-B69B-D704019FAC64},
2798,IEC,Custom,1357,78093,12,{2F754AF5-9D3D-4124-AC47-0D66CE05C261},
2799,Fire Resistant,Statechart,3450,51942,4,{2538B1FC-42A3-475e-8E52-B4CBF6E9DEC2},
2794,Connector ASM - Industrial,CompositeStructure,1162,28227,28,{BD5ADE6F-0EEC-4972-A106-D1504C0E1518},
2795,pConnector ASM - Industrial Physical,Logical,3109,0,9,{F4E96916-6989-4ba3-ACA5-D58F238298A2},
2796,VDE,Custom,3140,79542,3,{17F1BFC2-CFF5-4e09-873F-C5DC346356A1},
2772,BYD,Package,3025,0,1,{1B61865A-8E45-4100-AF6B-803AEA4CFE88},
2773,Wire,CompositeStructure,1052,27455,9,{797C16D2-8EB3-46fc-974C-FF0D0C5D14C9},
2774,pConnector ASM - Industrial Components,Logical,3109,0,24,{905164B4-5DFF-49ba-B8C5-8D27C7186211},
2769,Use Case - BYD MHE Install,Custom,3371,79989,14,{0F15EB9D-3C72-49e4-AD15-2E6C18E1E1CE},
2770,Cable ASM - System Ground,CompositeStructure,3043,57074,9,{5848B9C4-08C2-4af4-9B05-1F71A597B359},
2771,GBT Kit - MHE,CompositeStructure,3037,57021,31,{B161FC69-BD95-4ed6-A190-8053986AD98A},
2767,Product Installation,Custom,3044,0,10,{30991313-F4DF-4f08-B1B7-AB470128C0F8},
2768,Use Case - BYD MHE Install,Use Case,3371,79989,14,{C04D2FD4-4550-4972-8416-73E035D3ED3D},
2765,GBT Compatible,Custom,3044,0,30,{74E91F55-9A43-4f4f-851D-7F62BD27CEB9},
2766,Use Case - BYD MHE 2024,Use Case,3371,79988,13,{F792336E-76AD-4595-AAAF-D8C3B47716A7},
2762,Connector ASM Variants - REMA,Logical,3100,0,8,{029E3B5E-2D6A-4d17-AA43-D5EC29514AF5},
2763,Connector ASM - Schaltbau,Logical,3101,0,8,{57FE5D8C-610D-4d13-8564-7754263B9AD7},
2764,BYD Compatible,Custom,3044,0,21,{59E67742-ED24-4238-8BBE-863B27E83F64},
2755,IPC - Single Phase Charger,Custom,3095,0,5,{377E64FB-77CB-4c46-9272-87E764FC75A4},
2756,IPC - Single Phase Charger,Use Case,3095,0,14,{020A2CE2-F204-459e-B4F9-0CC6B3512423},
2757,Fuse,Logical,3096,0,0,{82F04DA7-7BDF-470e-A6CE-0C19B9387A54},
2761,Connector ASM Variants - Anderson,Logical,3099,0,23,{7D10B6FA-83F3-4594-BD3F-0E196727E7DC},
2748,BYD Compatible,Custom,3745,57161,20,{515142FB-06B5-43f6-B25B-05C327F45E0D},
2750,Product Installation,Custom,3049,0,6,{07F19742-B188-44a0-8E6D-E0BD7407D5BB},
2743,Component Compatibility,Logical,3745,57174,4,{A3B59E91-04FB-4900-A21B-8F4CD873A6D4},
2744,GBT Kit - MHE,Logical,3045,0,0,{01BA3649-365B-4837-9B92-7C24B17CC196},
2745,GBT Compatible,Custom,3745,32826,30,{6198B2FE-7A30-4e65-BAC4-03B3858B4D32},
2740,Power Supply ASM - 480VAC to 12VDC,CompositeStructure,3041,57068,28,{2CC5C491-BA96-4c59-8BCE-BE090F3FA39E},
2741,Connector ASM - GBT PCE,CompositeStructure,3015,56806,19,{C7BF34AF-E60D-4f60-8DD5-D96082D93008},
2742,Component Current Operation - Conductor Current Ratings,Logical,3442,32968,3,{3BB830AA-0901-463e-99E8-9D1E92E17400},
2738,Cable ASM - System,Logical,3042,0,18,{BB36872D-565E-4e83-A283-0B11622193AF},
2739,Cable ASM - System Ground,Logical,3043,0,12,{E844B98E-8BE8-441a-93FD-95D23C8B3ED0},
2734,Wire ASM - Crimp and Strip,Logical,3038,0,5,{565BDFEB-90AF-41c4-8062-6F7CD00367EB},
2735,Wire ASM,Logical,3039,0,0,{614A0644-C421-4357-A6A2-DB291FC8ECDA},
2736,Wire ASM - Crimp and Crimp,Logical,3040,0,5,{AC240730-6A9C-4bd6-8431-FB0615EE550F},
2737,Power Supply ASM - 480VAC to 12VDC,Logical,3041,0,4,{76182EAE-F66E-483d-8415-5FA178F80D52},
2732,Accessory Kit,Logical,3036,0,22,{3BEE39A2-F180-4bc0-AD18-C3F5BC8415ED},
2733,GBT Kit - MHE,Logical,3037,0,17,{7663D052-2123-414b-8746-056316ABF6C8},
2726,BYD,Custom,3044,0,34,{40216F2D-EE46-4e35-A93A-939DBECA3044},
2721,Connector ASM - Industrial,Logical,3205,0,7,{15111BBA-0ED5-4026-B07F-0F04232C2B34},
2722,Cable Management,Logical,3021,0,0,{C1ED982C-385A-4c14-9491-71DAEC50D51B},
2723,Cable Management - Industrial,Logical,3022,0,12,{AAF96E43-F813-4072-B518-C6BAA689CED4},
2724,Connector - Industrial,Logical,3023,0,10,{A76C6587-937A-4761-A839-551A13B535BF},
2717,31 Enclosure,Logical,1055,0,33,{B2C9D20C-34D9-45a3-934E-1EA3F40939F4},
2720,Rust Protection,Statechart,3444,56840,12,{CB10E90C-AD9C-4a62-A9E9-860A5A0A0AE3},
2713,DVS 330,Activity,1539,0,8,{0A648DC3-93CE-4e91-8A7C-5149F726C596},
2715,ProCore Edge Variants,Logical,3429,0,10,{E11BD0DA-2651-44d0-8DCE-A25D30A0E85D},
2716,Material Composition,Logical,3447,56844,9,{801ECF66-D849-44f0-8D5D-9E254DE9ECD5},
2709,Cable ASM - Industrial,Logical,3016,0,15,{46F599FA-EC80-4076-A9A4-0544CBD92FC5},
2710,PSE,Custom,3017,79550,2,{F6BD9140-6C80-49d5-B4A5-A8BBF7B2A258},
2712,GSE Context,Logical,3950,0,11,{1E6A210B-C835-48f6-A244-7581C75D999A},
2706,Skelly - HVPS Operator,Use Case,1244,81130,22,{F7DED666-6146-4eda-AF1C-BD73FB9E4B9B},
2707,Connector ASM - GBT,Logical,3015,0,9,{4E4DB7AD-6C19-47fc-94E5-B0C4139633A6},
2708,Connector ASM - GBT,CompositeStructure,3015,0,1,{AFBA66C6-FE23-41f6-A5AF-00B2F54C2ADE},
2701,High Votage Power Station,Custom,3010,0,8,{45B7AA94-6D15-4c78-BB8F-3FA56D396C25},
2703,Power Module,Logical,3012,0,10,{65276B34-B864-4440-B861-038D92085593},
2705,Skylink Kit,Logical,3014,0,19,{2C40FE93-8792-419d-907B-EB26672A3821},
2691,Create Energy,Logical,3954,56702,7,{CE0EC83D-7C16-45fb-B019-94E501640070},
2693,PosiGuard,Logical,2445,0,38,{6D2EA811-9457-4135-A05D-1F4D809787C7},
2699,Geophysical Location,Logical,3008,0,4,{B6E5099F-36F0-4c6c-8195-5D22A0B382D6},
2688,Regulate Voltage,Logical,3954,52809,7,{6A6C7237-EC3C-4396-B90B-47E208BDA263},
2689,Convert Current,Logical,3954,56701,6,{6B96922B-965F-4c80-93D6-5315FB821160},
2690,Convert Energy,Logical,3954,23004,4,{0740DCD0-1D64-4379-B0BF-C1BE37F3F12F},
2686,Monitor Time,Logical,3955,23064,16,{3F30C330-E217-412c-A72F-7801C83ED67E},
2687,Current Detection,Logical,3955,53471,6,{748891F7-7B3B-4e45-9A9C-4F58985A34D1},
2683,Reset System,Logical,3956,54573,7,{8D79EA7E-8EC5-4bb1-AD90-8A2312AB2EE0},
2685,Monitor System Watchdog,Logical,3955,52823,8,{A1AC5C1B-C3D3-4d2d-92C9-CF2F2AF345F2},
2680,Process Data,Logical,3953,53628,3,{7ADA0C27-0021-46b2-952A-F6489A9AD216},
2681,Process Signals,Logical,3953,54133,14,{000B8828-C049-4741-AA89-FFA4F65943D5},
2682,Debug,Logical,3956,55197,3,{E91BC8E6-2CD0-43e9-8C34-4E60A8169C71},
2678,Convert Data,Logical,3953,35147,22,{38DCA04F-D174-4aa5-AE60-15BCF96B6DC8},
2679,Exchange Data,Logical,3953,53626,15,{80AD9443-5E14-45b1-9AF3-3DE2C6617A6C},
2675,Monitor Current,Logical,3955,23079,4,{ABD68DF6-736E-4038-868F-10B22EEA69F6},
2677,Control System,Logical,3956,54726,9,{C5227C54-6DF9-4a77-8ADB-26C90254185C},
2671,LIN-CP Communication,Logical,3952,22872,1,{11EA3C56-90FC-4c3d-BF41-7241997DC526},
2673,Interface External,Logical,679,56563,3,{6B302D3C-A627-4587-A009-69884F18F945},
2674,Ground Monitoring,Logical,3955,23066,8,{3B38A5E5-324A-4ce8-B233-E76CB3E49529},
2668,Signal Transmission,Logical,3952,40430,8,{758AB763-F0A4-4a20-8965-9FF3D68B3757},
2669,Pilot Communication,Logical,3952,22870,1,{88234BB3-2158-44ef-B793-A2E340998313},
2670,ISO 15118 Communication,Logical,3952,22866,1,{80D8FE32-2102-4e06-9CBD-B42880AB99DE},
2663,Communicate via Zigbee,Logical,3952,54166,5,{460F884A-14D3-4087-AFCE-ACF5DCEC5006},
2667,Signal Reception,Logical,3952,53755,7,{921A4AF5-D41E-4909-B614-9CEBC2609C26},
2660,NFC Communication,Logical,3952,56534,2,{186FE597-8C1C-4c25-A4A3-B65874F85190},
2661,Radio Frequency Communication,Logical,3952,54232,7,{D1798D30-15B2-42bf-B0C8-221C2F186FED},
2662,Communicate via WiFi,Logical,3952,52815,4,{0D1AA6D6-FD30-48aa-B779-E6655B8ADEE6},
2656,CAN Communication,Logical,3952,32744,9,{E799E4F9-EB95-4f8b-9EF5-336F2E3E4CDB},
2658,Cellular Communication,Logical,3952,54209,4,{5F72C571-5966-4216-998D-79D4D939A445},
2659,LoRaWAN Communication,Logical,3952,34337,4,{ABFBE8B3-D960-45b4-8FCD-B8D304EF3AA2},
2655,Communicate with Hardware,Logical,3952,55162,32,{BA256AF2-8EF3-48f0-B5E0-18A6FEAB80BB},
2653,System Regulation,Logical,3956,54265,17,{2E0F6173-66AC-487a-800C-A98542827E0C},
2654,Stabilize System,Logical,3954,56518,6,{07D87C0E-0C09-43c6-962D-E1750921CBA7},
2641,PCBA - Cordito PIC Base,Logical,2887,0,20,{72540446-E561-4ff6-9D1F-BA0B0566691C},
2642,PCBA - Cordito PIC PSU,Logical,2887,0,12,{FCA5DD14-7B58-42a9-A6F0-9659B475EA1A},
2636,Circuit - Contactor Variants,Logical,2982,0,5,{8C1222E4-E974-4bb1-BC2E-B424F2360822},
2637,Circuit - Contactor Control Variants,Logical,2982,0,5,{C645FF74-8A37-4c86-830A-48ABDD878C02},
2638,Contacts - Variants,Logical,2983,0,3,{F85ED6B1-6F03-4bcd-AED6-5FCD2D0438B2},
2632,Design - Circuit (Relay),Custom,2978,0,21,{5DB2ED8B-4B66-4b04-84C8-65690E4F121F},
2634,Design - Circuit (Contactor),Custom,2980,0,12,{DD9E9BBC-7DDD-4c26-8561-45B693642383},
2635,States - Circuit (Contactor),Statechart,2981,0,0,{5A4692CD-4473-42db-93FC-D61E584CC7A8},
2621,Circuit - Ground Monitor Variants,Logical,2966,0,2,{521631E8-D559-4b01-A76E-E8B32612B7AE},
2622,States - Circuit (Ground Monitor),Statechart,2967,0,0,{5CDEDDFD-B10A-4e92-9D86-641B7E81B507},
2623,Design - Circuit (Ground Monitor),Custom,2968,0,22,{A10F1C55-9C4B-4405-A40D-0F74B4A3C50A},
2631,States - Circuit (Relay),Statechart,2977,0,0,{72DB3B8C-3ADB-4d99-8BF0-89D8B68D3D48},
2589,Circuit - RCD AC,Logical,2740,0,14,{6FFBAD81-5112-4c1c-B47B-A7D59C7BBF3B},
2590,Circuit - RCD B,Logical,2740,0,6,{D338FD30-0308-4e73-A295-FB0D2EB1362B},
2620,Circuit - Ground Monitor,Logical,2966,0,6,{50D683B0-B171-409f-824B-06A2107EA9AC},
2586,Design - Surge Protector,Custom,2933,0,3,{684E3F29-8467-45b8-BA3D-FBD3665B3FC5},
2587,Design - Circuit (RCD AC),Custom,2741,0,6,{067346FB-363A-4282-B2B1-EBA6BB5C3999},
2588,Circuit - RCD A,Logical,2740,0,6,{F0898E01-3ED4-4592-87D0-6B6441609B87},
2577,Cable ASM - Grid Swappable,Logical,2444,0,12,{50786B6E-4BD2-4e60-BB1E-81200E800402},
2578,Cable ASM - Grid Swappable,CompositeStructure,2444,55734,10,{0B11AD87-E443-4dbb-9663-6D85D240C1F5},
2579,Relay - Variants,Logical,1036,0,6,{D4C70A38-20EC-4324-9085-97BFDAF89234},
2568,Circuitry - Output Protection,Logical,2895,0,8,{87308C0F-D499-41ef-A7F5-84679C8974AD},
2569,Circuitry - Output Protection Variants,Logical,2895,0,3,{3E2DE6B6-C01D-41c1-855D-6D92940B264B},
2574,Transformer - Variants,Logical,1124,0,12,{BD28F0FB-9947-4ddc-8689-F8E1861D2895},
2564,Shippable - WallPort B2B,Logical,2889,0,10,{473D3825-76D1-4fe2-8741-3A8C88F42864},
2566,Design - Circuitry (Output Protection),Custom,2892,0,15,{DB631A23-A169-4bae-8855-7D582AB9B6A8},
2567,States - Circuitry (Output Protection),Statechart,2894,0,0,{9A32FC2F-A18B-40aa-9BFE-BE6F0A3540BB},
2561,Coupler ASM - NACS PIC,Logical,2886,0,3,{87262BA0-1F75-4558-9A0B-3944D4BF83A5},
2562,PCBA - Cordito WallPort B2B,Logical,2887,0,2,{73101FE9-7FB0-46f0-9DF0-F524D877E757},
2563,Enclosure ASM - Wallport B2B,Logical,2888,0,0,{5C34680F-4E66-4988-9379-C49A279F8850},
2557,Cordito - WallPort,Logical,2879,0,7,{A72AD533-888C-4926-AC4A-2DB20EE57C4E},
2559,Circuitry - Choke Variants,Logical,2882,0,3,{ED26EA55-2EDF-49e5-A468-14A9E2CC2061},
2560,Circuitry - Inrush Current Limiter Variants,Logical,2885,0,4,{9EB7BA40-B9AE-43fb-885C-C687FBF08B39},
2518,Design - Circuit (MCU Main),Custom,2841,0,24,{7F8D31DF-87DD-47e9-BEE1-1127E840032B},
2551,WallPort,Logical,2873,0,2,{3562CE66-2020-4dd6-8E4A-C34D0E50782D},
2553,Cable ASM - Coupler NACS PIC,Logical,2875,0,11,{27906D95-13EB-485e-99C4-1AAE4AC5DED9},
2512,States - Circuit (Zero Cross),Statechart,2834,0,0,{1DA345AC-C28C-4bf0-8176-D59F303D9287},
2513,Design - Circuit (Zero Cross),Custom,2835,0,22,{62954C1C-AD4A-45e3-9862-4C2474E74E1B},
2516,Circuit - MCU Main,Logical,2839,0,8,{944F86B6-FB75-4fe0-8F7F-9BBC8D6870DE},
2517,States - Circuit (MCU),Statechart,2840,0,0,{9A52C5F9-BA20-43b8-B0DA-E1E607DE49D4},
2501,Circuitry - Sensor Variants,Logical,2828,0,9,{C5BBF1C6-D02F-4f60-9959-ABCF145AC511},
2505,States - Circuit (Reset),Statechart,2829,0,0,{F639372B-A28E-4c49-9D9E-A18F4105CEE3},
2506,Design - Circuit (Reset),Custom,2830,0,18,{9D86A3FE-16B1-4cbd-A3D2-7C2CC449FF8E},
2511,Circuit - Zero Cross Variants,Logical,2833,0,1,{BA640B52-C210-4977-8BD2-40897B719E6A},
2498,Circuit - Signal Conditoning,Logical,2823,0,8,{6B13CA74-3B65-4c88-B5B3-88F59E642BB7},
2499,Circuit - Signal Conditioning Variants,Logical,2823,0,1,{B09E84C6-24E6-49bf-A0E5-A6675DE54445},
2500,Circuitry - Filter Variants,Logical,2827,0,13,{58A611E6-AFBE-47ca-B014-23A751A5ADC2},
2464,Microcontroller - Bluetooth,CompositeStructure,2778,54147,1,{131555A7-A84B-403b-B896-B59B652ACD9C},
2469,Pin - Swappable Gen2s,Logical,2793,0,0,{838BA56E-9DBA-4ddc-82E6-9CC7171EA570},
2470,O-Ring,Logical,2794,0,0,{57DCD7AF-A639-45f8-9DBA-495357E53459},
2492,Seal,Logical,2817,0,0,{FEE44822-8F23-4648-BEE9-92637D67ECD6},
2496,Design - Circuit (Signal Conditoning),Custom,2824,0,20,{782EDB54-7E23-4c4e-890A-45DF4E54354B},
2497,States - Circuit (Signal Conditioning),Statechart,2825,0,0,{800E07DF-BEEE-4313-A91D-54382053EC21},
2461,Comms - Transceiver Variants,Logical,2784,0,12,{CBB14E89-D356-4dcf-8830-A4F0EAF0BF86},
2462,Design - Comms (Transceiver),Custom,2785,0,13,{17AD8D42-A4D5-4005-A387-81624D22E10C},
2463,States - Comms (Transceiver),Statechart,2786,0,0,{AB5F4B32-1E58-48f5-B27F-8E020150E28D},
2456,Design - Microcontroller,Custom,2780,0,14,{3C6C002A-5ADD-4262-B51E-D828433BB904},
2457,States - Microcontroller,Statechart,2781,0,0,{A4DA4CA2-2D63-4de6-A6D9-886A49EB5787},
2460,Comms - Transceiver,Logical,2784,0,6,{36227537-2CB9-406f-955D-3EFD8B456491},
2454,Microcontroller,Logical,2779,0,7,{A83FBCAC-B9AC-452a-AE52-1E2165C76685},
2455,Microcontroller Variants,Logical,2779,0,26,{23FDB58B-BAF6-48fc-B723-7342A522EFC6},
2433,Cable ASM - Coupler SAE,Logical,2393,0,12,{43F41891-9DA2-4886-8D34-1BB6EF8FD7DA},
2434,Interface - Cable,Logical,2762,0,16,{C40488F6-6F5B-4396-8201-D0041D58DEFE},
2435,Contact - Vehicle,Logical,2763,0,0,{CF07D063-87BD-42bc-B38E-326A3FD673F9},
2448,Cable ASM - Grid,Logical,2444,0,8,{334AF9A7-0986-4090-B32F-D5C7CE8B82B5},
2425,Cable ASM - Coupler,CompositeStructure,2389,27062,17,{365D302B-BCA9-4add-8741-053A8D0C7783},
2427,Load Connect,Logical,1163,0,6,{D42F449D-B7EA-460a-A738-5991A1E7D3C3},
2429,Interface - User,Logical,2760,0,0,{3684D453-867D-43c0-B32F-1F8A08102078},
2431,Cable ASM - Coupler,Logical,2389,0,2,{BAC87D84-EB98-4cb4-A0C2-46435E9DECEC},
2421,Circuit - HV Variants,Logical,2753,0,3,{4BD46576-E9FF-444c-8A88-E3A9C733963D},
2422,Circuit - LV,Logical,2756,0,11,{D0DC2810-42F4-4728-B072-96240053DA8C},
2423,States - Circuit (LV),Statechart,2757,0,0,{6D76C1FA-4953-4380-BC7C-4BD2F477AEDF},
2424,Design - Circuit (HV),Custom,2758,0,2,{436A3EEB-7A5D-4139-ADD1-996E08D83A1E},
2417,Circuit - Weldcheck Variants,Logical,2748,0,2,{F4C8563F-74D4-450c-A2DE-77615EC553F8},
2418,States - Circuit (Weldcheck),Statechart,2749,0,0,{EE5AB33D-1BDA-4846-BD3D-32015802AE8E},
2419,Design - Circuit (Weldcheck),Custom,2750,0,4,{010EFF9D-45CF-418c-869F-F5EA20D4ECE9},
2420,Circuit - HV,Logical,2753,0,8,{F0D3BD82-75E2-4be8-840D-5FAD74CF87DF},
2413,Circuit - Temp Sense,Logical,2744,0,6,{74EE5C12-DBDE-4a23-88AD-016BFC8016A2},
2414,Circuit - Temp Sense Variants,Logical,2744,0,8,{8E39EC32-BBC1-45b1-A925-50F35DC3DF27},
2415,States - Circuit (Temp Sense),Statechart,2745,0,0,{5FA8B95C-9ECE-4dbc-9898-AD6D51646A8E},
2416,Design - Circuit (Temp Sense),Custom,2746,0,4,{3718079F-C204-4896-91DA-7613441EC3F1},
2411,Design - Circuit (RCD B),Custom,2741,0,18,{AC290BCB-0970-480d-B016-7CFD61EEC976},
2412,Switch Energy,Custom,3954,23019,8,{07E4B9AA-02E3-47f1-859C-6157E30C4FBB},
2408,Design - Circuit (RCD),Custom,2741,0,14,{D3C79354-FACB-4ff0-993E-23BF464D93BF},
2409,States - Circuit (RCD),Statechart,2742,0,0,{79195B58-3ACF-4a34-B32C-EE12D11CE841},
2410,Design - Circuit (RCD A),Custom,2741,0,15,{DD2DF237-F941-44f1-9509-725823AE20F6},
2401,States: Circuit (GFI CT Test),Statechart,2734,0,0,{23B2C67D-130C-4dd9-962F-A8CA8D76F94E},
2406,Circuit - RCD,Logical,2740,0,7,{B8BB9E15-873A-4666-9C55-5A4620011698},
2407,Circuit - RCD Variants,Logical,2740,0,11,{D8C1787A-A1B4-448e-AEE0-4DC59C1CEC35},
2398,Circuit - GFI CT Test,Logical,2732,0,8,{5D3D0870-C09F-49c2-897B-80B4F001E5D2},
2399,Circuit - GFI CT Test Variants,Logical,2732,0,2,{103CB0A9-83E2-42b3-BAD7-06FFDC4AB59B},
2400,Design: Circuit (GFI CT Test),Custom,2733,0,24,{C5E5A319-706F-46fc-88DD-FA052CBC9446},
2394,Circuit - Fuse,Logical,2728,0,3,{AFB0F937-312A-4a94-AD85-A7080E5CDA73},
2395,Circuit - Fuse Variants,Logical,2728,0,6,{11EB1C53-D493-4b90-9070-35143398292D},
2396,Design - Circuit (Fuse),Custom,2729,0,5,{4886B47E-0485-48f3-B6C3-073E65DC96D2},
2397,States - Circuit (Fuse),Statechart,2730,0,0,{6B0E2D7C-6477-4bbc-98B1-850475C832E2},
2391,Circuit - Power Control Variants,Logical,2724,0,4,{F7C1F637-65AF-4edf-B693-685AB7366238},
2392,Design - Circuit (Power Control),Custom,2725,0,19,{6B318442-5D23-46c5-A5D0-028ABD89324A},
2393,States - Circuit (Power Control),Statechart,2726,0,0,{87DAEAAF-4C2F-4f86-9CEB-CF05F663515A},
2387,Circuit - Rectifier Variants,Logical,2719,0,2,{A8D613C3-B551-42df-8D38-DD33992AEE77},
2388,Design - Circuit (Rectifier),Custom,2720,0,2,{8E4F475B-E376-46e1-86B1-22801C16DA3B},
2389,States - Circuit (Rectifier),Statechart,2721,0,0,{72D24B17-BC3F-474f-A08C-151BEE405360},
2390,Circuit - Power Control,Logical,2724,0,9,{9EBE3606-6DD0-4533-B26A-9BAD7D29784C},
2383,Circuit - Output Variants,Logical,2714,0,3,{F82A9D4C-A9F9-4f13-B757-F50CFC0F08D2},
2384,Design - Circuit (Output),Custom,2715,0,10,{36205412-628A-49e9-8912-00EE6D5C3E19},
2385,States - Circuit (Output),Statechart,2716,0,0,{07452CB5-0B08-40d2-9283-4264585A1021},
2386,Circuit - Rectifier,Logical,2719,0,3,{AF3F7CD5-54D1-4e96-9EC2-7A0B405E8570},
2379,Circuit - Input Power Variants,Logical,2709,0,2,{F693392B-1394-46bc-AF7E-E5117D269E5A},
2380,Design - Circuit (Input Power),Custom,2710,0,10,{2C0DC7ED-0054-4de8-8293-87560B6E3645},
2381,States - Circuit (Input Power),Statechart,2711,0,0,{0424A7C9-78AB-4417-B121-F68CE9E7FE23},
2382,Circuit - Output,Logical,2714,0,8,{4B532A71-8E39-4262-8A6B-CFA2FE13E139},
2375,Circuit - Voltage Regulator Variants,Logical,2704,0,20,{E3E90C5B-885B-4b81-A51E-FA9BE3E7577B},
2376,Design - Circuit (Voltage Regulator),Custom,2705,0,12,{4FD7CD3C-A856-4a9f-9E1D-A086E466DC84},
2377,States - Circuit (Voltage Regulator),Statechart,2706,0,0,{6A30DBD3-685F-4ca8-A17A-8BE24EF6BC8E},
2378,Circuit - Input Power,Logical,2709,0,5,{2BA6140F-6CC1-4af5-B8F6-FBFCA6D300F0},
2372,Design - Circuit (Power Supply),Custom,2701,0,18,{AA658BD3-3545-472e-9D48-783A69791333},
2373,States - Circuit (Power Supply),Statechart,2702,0,0,{AB8A20B0-DA16-4b7a-821F-B292BB64C1EF},
2374,Circuit - Voltage Regulator,Logical,2704,0,3,{2CE63249-77EE-4ab4-8083-F30139BE6D1C},
2370,Circuit - Power Supply,Logical,2700,0,9,{CC47A2E2-6D33-476a-ACE4-9B3E98A89399},
2371,Circuit - Power Supply Variants,Logical,2700,0,6,{92142062-49E7-4a0e-8F0C-062B104B9CA1},
2367,Circuit - Input Protection Variants,Logical,2696,0,4,{C859B792-C4DA-4c4e-92C7-012ED453B6DE},
2368,Design - Circuit (Input Protection),Custom,2697,0,17,{DC2A6B80-F5E6-4bc4-A218-DE222966664A},
2369,States - Circuit (Input/Output Protection),Statechart,2698,0,0,{EB33B688-8B7B-4748-8512-A35E8C492CF8},
2363,Circuit - EMC Filter Variants,Logical,2692,0,7,{A4E84855-D534-4fef-9F48-1E294F5FB525},
2364,Design - Circuit (EMC Filter),Custom,2693,0,10,{0E4ED032-A658-493a-9983-FFD56D429A46},
2365,States - Circuit (EMC Filter),Statechart,2694,0,0,{883E4F1A-1FCD-4e23-A321-D059399B50C2},
2366,Circuit - Input Protection,Logical,2696,0,8,{7A5FB502-10E5-43c7-8437-692EA340CBC6},
2359,Circuit - HMI Buzzer Variants,Logical,2688,0,2,{B119E872-9A83-4cf6-AA74-419BE00A7AD9},
2360,Design - Circuit (HMI Buzzer),Custom,2689,0,5,{D99A5C84-7C8D-4fb0-859C-092D0F359A31},
2361,States - Circuit (HMI Buzzer),Statechart,2690,0,0,{AE79394C-1970-43ae-ACD4-CB9A7502362A},
2362,Circuit - EMC Filter,Logical,2692,0,6,{6B7AE0E2-E942-45dd-BF5B-ABB1A7B1A97E},
2355,Design - Circuit (Security),Custom,2682,0,25,{B5B53EF0-1D53-456d-BE7D-B2E90CF58CC0},
2356,States - Circuit (Security),Statechart,2683,0,0,{6D814ABC-C909-48d7-A401-298BEFC31785},
2357,Contact - Grid Variants,Logical,2684,0,0,{C4409137-6246-4307-A6E3-968803834DBC},
2358,Circuit - HMI Buzzer,Logical,2688,0,3,{A2D2C796-E682-4a37-903A-20F19106892C},
2352,Design - Circuit (LED - Single Color),Custom,2680,0,13,{65FA5B2B-50AB-4120-BB42-0EDCE529DD5C},
2353,States - Circuit (LED - Single Color),Statechart,2681,0,0,{F6E099D3-59A9-4714-9093-C18D6092631C},
2354,Circuit - Security Variants,Logical,2679,0,2,{8D4AC676-2CC7-40eb-A906-72E33A0C7761},
2345,Cable ASM - Grid Gen1s,Logical,2670,0,12,{AA011093-D68B-4c0c-B09E-1D22ECB822FF},
2350,Socket - Swappable Gen2 Variants,Logical,2676,0,0,{BDA98AB0-125F-4e67-9FD0-F4C412DF850D},
2351,Circuit - Security,Logical,2679,0,4,{82B4598B-EA33-4705-A6E8-3CE925EF8B8D},
2337,States - Circuit (Debug),Statechart,2659,0,0,{B4BEA91B-ACD4-4fd3-9742-6F93E070AB60},
2338,Circuit - Reset,Logical,2662,0,7,{7DBFCB09-F224-40ef-888A-89AD5DB392D4},
2339,Circuit - Reset Variants,Logical,2662,0,3,{3A900F32-2E9C-46c2-A54D-95096487D6D2},
2344,Cable ASM - Grid Gen2s,Logical,2668,0,11,{6999A98F-DD7E-4ee3-BACC-BB0AE8B35EAE},
2333,States - Circuit (Configuration),Statechart,2654,0,0,{29004022-BA21-4963-9480-8DDE315BDF08},
2334,Circuit - Debug,Logical,2657,0,5,{8FE69896-BC68-4733-AA81-8F5E50CBDA32},
2335,Circuit - Debug Variants,Logical,2657,0,4,{43ACA8FA-0188-4603-9258-9995B1C0CAF1},
2336,Design - Circuit (Debug),Custom,2658,0,12,{BE2ADE5D-A9B1-469c-B69E-A509562F9962},
2328,States - Circuit (Grid Frequency Monitor),Statechart,2648,0,0,{8C139687-893B-4967-9FCB-2FC31BBFEB20},
2330,Circuit - Configuration,Logical,2652,0,7,{BFB2D009-15E9-4d4f-B9E4-45B5C2A95997},
2331,Circuit - Configuration Variants,Logical,2652,0,2,{46CA2C73-3014-4d05-AEB5-B2FA58B3313A},
2332,Design - Circuit (Configuration),Custom,2653,0,20,{5F6B6EA6-C31A-4658-A009-22D7C83AD4F5},
2325,Circuit - Grid Frequency Monitor,Logical,2646,0,6,{6E42302D-5987-4a6c-A9E5-ECB60C4956B6},
2326,Circuit - Grid Frequency Monitor Variants,Logical,2646,0,2,{B69A71C1-EEE3-408d-909E-4F8B6941F20C},
2327,Design - Circuit (Grid Frequency Monitor),Custom,2647,0,19,{6965EFA4-8D6F-44c0-83FB-231D3A4E888F},
2321,Design - Circuit (Grid Voltage Monitor),Custom,2641,0,21,{FBE4671D-1407-4e1b-BCF9-6076987BFE7E},
2322,States - Circuit (Grid Voltage Monitor),Statechart,2642,0,0,{A72F3372-A313-483c-A3D5-58A3F4DE8972},
2324,Cable ASM - Coupler NACS,Logical,2643,0,12,{4A6B03B9-BFC9-4217-9BBD-4139B4E909B8},
2318,States - Circuit (Water Level Monitor),Statechart,2637,0,0,{979E95AF-DBA3-404e-80ED-80855A3DF006},
2319,Circuit - Grid Voltage Monitor,Logical,2640,0,6,{3CF5F8D4-224E-43dc-8DF0-33839B9E40BE},
2320,Circuit - Grid Voltage Monitor Variants,Logical,2640,0,2,{54BCA0D2-7113-4c3a-BA88-0D2332F76DA1},
2315,Circuit - Water Level Monitor,Logical,2635,0,6,{F79DECFC-9BC3-4455-9AE9-DDAD2A8041BD},
2316,Circuit - Water Level Monitor Variants,Logical,2635,0,2,{C556C66C-9747-44ca-8240-ABC4B6792596},
2317,Design - Circuit (Water Level Monitor),Custom,2636,0,16,{A42B3F1D-722B-46e4-A27C-11FFC861B4A5},
2312,Circuit - Temperature Monitor Variants,Logical,2630,0,2,{AFA2BE17-509E-48fd-A179-964866006A62},
2313,Design - Circuit (Temperature Monitor),Custom,2631,0,21,{B484C308-7AB9-4ef8-AE05-F9911A8A7126},
2314,States - Circuit (Temperature Monitor),Statechart,2632,0,0,{FEDAA460-17FF-474a-BA1C-16159B7E2EC5},
2308,Circuit - Watchdog Variants,Logical,2625,0,3,{A1456A1B-2865-43fc-B26E-875BDFB74DA1},
2309,Design - Circuit (Watchdog),Custom,2626,0,9,{13F0C275-C679-4a54-AF24-F42ED3858ED9},
2310,States - Circuit (Watchdog),Statechart,2627,0,0,{492EDECE-D804-4ec7-BCF5-113B61E8F110},
2311,Circuit - Temperature Monitor,Logical,2630,0,6,{DA26687D-CFC7-4b5a-9AF1-7F1993A17161},
2305,Design - Circuit (Memory),Custom,2621,0,20,{D9EE089B-D752-47e2-8D7D-0309E2DB23DF},
2306,States - Circuit (Memory),Statechart,2622,0,0,{A38362E7-BBAB-475d-B89D-256DE91CC046},
2307,Circuit - Watchdog,Logical,2625,0,5,{D3ECC647-A9D6-4903-B5AD-4170009350DF},
2301,Design - Current Sensor,Custom,2616,0,3,{E9D5370F-B962-489f-880B-F1BBB66C3CA1},
2302,States - Current Sensor,Statechart,2617,0,0,{DEF6DEF9-26BF-48f2-B5C4-C608A5B022D6},
2303,Circuit - Memory,Logical,2620,0,10,{B1234BB6-F787-4c7e-8188-07814F2270A2},
2304,Circuit - Memory Variants,Logical,2620,0,4,{99D8F367-C348-4734-96A9-52D549D7385E},
2298,Design - Circuit (Current Monitor),Custom,2612,0,22,{7EB56F75-1A7B-4ee4-BE92-FA07BDEA3592},
2299,States - Circuit (Current Monitor),Statechart,2613,0,0,{A63B6583-CC6E-4e3e-A018-C5B09AF93ADC},
2300,Current Sensor Variants,Logical,2615,0,4,{BB4D1C6C-05BA-468e-A888-366FFB63CA18},
2296,Circuit - Current Monitor,Logical,2610,0,6,{1CAA4071-0AC7-4f9c-A63B-D76F183F4E52},
2297,Circuit - Current Monitor Variants,Logical,2610,0,2,{982E38F6-5D38-4bb2-98AD-C0C49D53F8FD},
2291,States - Circuit (RFID),Statechart,2603,0,0,{8F29EDAD-BD88-4e69-8F30-34D8AD115E7A},
2292,Circuit - Zigbee,Logical,2606,0,6,{11458EB6-277C-4a87-9D0A-65C66C5AD167},
2293,Circuit - Zigbee Variants,Logical,2606,0,2,{75FDD836-7C3A-4311-B7E0-D9ED7F07A1FD},
2294,Design - Circuit (Zigbee),Custom,2607,0,14,{C63C954E-C9A9-45f3-8744-168837802B50},
2295,States - Circuit (Zigbee),Statechart,2608,0,0,{2C778B68-8981-44eb-ADE3-E1A0FFD570DA},
2287,States - Circuit (NFC),Statechart,2598,0,0,{15B2DB2D-BB05-4b31-BCE9-F40122856D83},
2288,Circuit - RFID,Logical,2601,0,8,{096EF16E-F873-4fd5-B6E7-0415A249DA9C},
2289,Circuit - RFID Variants,Logical,2601,0,2,{7E41C4A5-2D18-4588-B6DC-B246579A6F0C},
2290,Design - Circuit (RFID),Custom,2602,0,23,{8F8B72B9-B6BE-479a-98B9-4146919885B3},
2283,States - Circuit (Bluetooth),Statechart,2593,0,0,{76AF7AF3-0B21-45de-9517-0BCC4804EC29},
2284,Circuit - NFC,Logical,2596,0,6,{2E78D145-B624-4611-ACCD-DD54F335C673},
2285,Circuit - NFC Variants,Logical,2596,0,2,{F36F0E5B-0419-4f30-B916-BF8F8BBB6761},
2286,Design - Circuit (NFC),Custom,2597,0,13,{AB717BB6-3DCF-40d5-9BB4-7F45737BB543},
2280,Circuit - Bluetooth,Logical,2591,0,6,{9F0F24C8-5C59-4226-9B92-8D7FCE942E56},
2281,Circuit - Bluetooth Variants,Logical,2591,0,2,{7655E857-40D6-45d3-8B35-7687F5C953F1},
2282,Design - Circuit (Bluetooth),Custom,2592,0,15,{A52B3E9C-9FA3-44b0-8DE2-598F66166CFD},
2276,Circuit - BLE,Logical,2586,0,3,{7013FADE-498F-45bd-BFFA-666AAE79ABB2},
2277,Circuit - BLE Variants,Logical,2586,0,1,{566BC93C-F68E-4c91-9DF5-4C96553C2890},
2278,Design - Circuit (BLE),Custom,2587,0,3,{6F805B10-2ABD-4657-ACCA-63AE0034FB68},
2279,States - Circuit (BLE),Statechart,2588,0,0,{119E4527-8440-4968-B529-410578EC8A7B},
2273,Circuit - Cellular Variants,Logical,2581,0,2,{BF77B988-797F-4ce4-AD48-125B1C4B44B3},
2274,Design - Circuit (Cellular),Custom,2582,0,15,{39A35E37-AF97-4dd2-8C14-1189F052132E},
2275,States - Circuit (Cellular),Statechart,2583,0,0,{3A3B646A-EF44-4f3c-9A22-D766168A8DAF},
2269,Circuit - LoRaWAN Variants,Logical,2576,0,2,{7D37B19E-22B8-4b73-9336-D2F9573FC1CA},
2270,Design - Circuit (LoRaWAN),Custom,2577,0,15,{B061C281-45C5-40c1-ADB9-9B0BF248916D},
2271,States - Circuit (WiFi),Statechart,2578,0,0,{BA67FBA7-1923-46bd-9BBA-D4B9E0503D3F},
2272,Circuit - Cellular,Logical,2581,0,6,{18C25E63-80C4-4177-B92E-8B9730DB5C56},
2266,Design - Circuit (WiFi),Custom,2572,0,17,{DE973900-8D3E-4d34-A150-714C9BD5BD86},
2267,States - Circuit (WiFi),Statechart,2573,0,0,{EE479EF0-8306-4441-81A5-6905522FFB68},
2268,Circuit - LoRaWAN,Logical,2576,0,6,{F0F24F44-08DB-42bc-97DA-99356FB7CB8B},
2263,States - Antenna,Statechart,2568,0,1,{AB39BA90-0447-4ff2-99BA-8D6A3FFD3AAE},
2264,Circuit - WiFi,Logical,2571,0,6,{4F813F9E-9035-48f3-9907-6281B39DF1D1},
2265,Circuit - WiFi Variants,Logical,2571,0,2,{DF66C34F-6C72-4401-85D0-BB400422825F},
2260,Antenna,Logical,2566,0,3,{6609B8B7-782D-4c7a-A1EC-7AD08261C3B1},
2261,Antenna Variants,Logical,2566,0,10,{13338046-28EC-40b4-911C-38A463CC3F94},
2262,Design - Antenna,Custom,2567,0,5,{96AE9A00-25BD-4d28-BB25-3E4B28DC1F46},
2256,Circuit - ISO 15118,Logical,2562,0,3,{DD5BBC23-09F6-46c5-B0A9-9EF394625729},
2257,Circuit - ISO 15118 Variants,Logical,2562,0,2,{EBD180E8-438C-436e-9F1D-52009985FADD},
2258,Design - Circuit (ISO 15118),Custom,2563,0,4,{40759D96-0622-49ff-9F36-C9C92406497F},
2259,States - Circuit (ISO 15118),Statechart,2564,0,0,{CB4CDD2D-76BB-4c69-AA4B-F4F6F91672D6},
2252,Circuit - LIN-CP,Logical,2557,0,7,{59682E07-5C63-4be9-A1BC-F30EED0E194D},
2253,Circuit - LIN-CP Variants,Logical,2557,0,2,{7D99B8A6-9990-467b-A9B9-E4D660F2174E},
2254,Design - Circuit (LIN-CP),Custom,2558,0,21,{C2FBABD7-D172-453e-9043-6DFAF566C657},
2255,States - Circuit (LIN-CP),Statechart,2559,0,0,{5AC8DE4C-5AE3-49b7-A4D2-68904CD45670},
2248,Circuit - Ethernet,Logical,2552,0,5,{6D296F23-38E5-44fc-A605-09A1627A23CE},
2249,Circuit - Ethernet Variants,Logical,2552,0,2,{5D1D650D-7951-44c2-AD08-6F4E47E0A7D6},
2250,Design - Circuit (Ethernet),Custom,2553,0,11,{08EF9F5E-A1C3-4b78-BA1A-82F737C84718},
2251,States - Circuit (Ethernet),Statechart,2554,0,0,{D1C57AA5-6EA0-426e-ABFC-6C443C2F2732},
2244,Circuit - CAN,Logical,2547,0,7,{85B7718E-AAF4-40a1-812B-B746A8AF092C},
2245,Circuit - CAN Variants,Logical,2547,0,3,{69C2B2A1-8A1C-47f7-8F79-05332B5E207C},
2246,Design - Circuit (CAN),Custom,2548,0,8,{7545E235-BF0D-4e8f-AD18-150A691A77F5},
2247,States - Circuit (CAN),Statechart,2549,0,0,{19F1EF39-7B63-42e2-8E74-8F152D7917A4},
2242,Design - Microcontroller (PIC),Custom,2543,0,14,{4F16C52C-209C-4ec6-B1A3-BF610499B900},
2243,States - Microcontroller (PIC),Statechart,2544,0,1,{1D59D1A2-1B46-4139-B76A-057B4C036E24},
2237,Design - Circuit (USB),Custom,2537,0,11,{01F99A3D-DB8B-4b55-942E-5010ECE5BF9E},
2238,States - Circuit (USB),Statechart,2538,0,0,{E125042F-9B30-4100-AD49-FE0E0B7A2F87},
2240,Microcontroller - PIC,Logical,2542,0,8,{7ED1910C-E054-416a-92C4-82C1EB4BABD9},
2241,Microcontroller - PIC Variants,Logical,2542,0,2,{AB3F1E1A-096A-4ff4-B8E8-D9BEF65157C6},
2225,Design - Circuit (Pilot),Custom,2523,0,16,{6858162C-FADD-4322-B979-0D4FAAD0C2B2},
2226,States - Circuit (Pilot),Statechart,2524,0,0,{92A6F070-BCD7-41cc-A434-26FBFB483788},
2235,Circuit - USB,Logical,2536,0,6,{2A9E1885-C0D2-4da5-A091-AA0ED8F5A3AD},
2236,Circuit - USB Variants,Logical,2536,0,4,{67D189A7-60AF-46b9-8297-257296E154CB},
2221,Design - Circuit (Expansion),Custom,2519,0,7,{867637EC-FD37-4af9-898A-CD5995CC2AC8},
2222,States - Circuit (Expansion),Statechart,2520,0,0,{E98F0BE1-5EDE-438f-8750-666C989AB9E6},
2223,Circuit - Pilot,Logical,2522,0,5,{F8959107-7152-482e-AA77-50AD36A442E0},
2224,Circuit - Pilot Variants,Logical,2522,0,5,{EBD06A23-A261-46e6-88B4-403F6D279F4C},
2214,Circuitry - Thermistor Variants,Logical,2509,0,1,{60403848-AA8B-448e-9E07-2D560A663942},
2215,Design - Cable (Grid),Custom,2510,0,0,{AA808FBF-2D7A-4033-87CF-ED575802AAA1},
2216,States - Cable (Grid),Statechart,2511,0,0,{2D3B8497-F0D3-4a76-BF32-354CE39AE565},
2219,Circuit - Expansion,Logical,2518,0,2,{13A7BD95-48AD-426d-ABD1-2711E3CAB395},
2220,Circuit - Expansion Variants,Logical,2518,0,4,{1ABFA7BD-E977-409b-B827-179C7B590C24},
2207,Circuitry - Capacitor Variants,Logical,2502,0,4,{46A596B4-EDB6-4f5e-B6CC-4C4EC666EBDD},
2210,Circuitry - Inductor,Logical,2505,0,3,{9851861A-1C6F-4aaf-B527-FE696A07621F},
2211,Circuitry - Inductor Variants,Logical,2505,0,6,{2B4F1689-10A5-4e2b-B6DF-19D527FCA402},
2212,Design - Inductor,Custom,2506,0,0,{15DD2BFF-1C77-4660-9629-BD7F1A575D39},
2213,States - Inductor,Statechart,2507,0,0,{F75C7FB6-F136-40bb-9126-E46FE7E6B51B},
2201,Minimum Distances from PCBs to Enclosure,Custom,2496,0,4,{C4AED9D7-4648-4b8d-8A70-F86933AEE053},
2202,Antennas,Custom,2497,0,2,{80AFAEF9-35C0-47e7-AD4D-403058C146A8},
2203,Cable Tolerances,Custom,2498,0,2,{002B82D9-4AF5-4b29-AE4F-9F73A7F0DF06},
2204,Circuitry - Capacitor,Logical,2502,0,0,{070412AA-413F-4df8-8625-8D32AF8DF9E1},
2205,Design - Capacitor,Custom,2500,0,0,{13653FB5-5E00-44ee-8FD7-002AB2654DFD},
2206,States - Capacitor,Statechart,2501,0,0,{4DEBA2FB-C45B-4ce2-9E34-DB20826A7F41},
2194,Enclosure,Statechart,2489,0,8,{FE9B7E99-070E-4af8-A94C-88B83C319287},
2195,Enclosure Design,Custom,1125,0,14,{D251B474-E1B2-41d2-B1A5-F1D01BB1671F},
2200,Tolerances for Stamped Steel,Custom,2495,0,2,{413A480A-1064-412c-9C53-FD8CCF0D10C8},
2181,Cable Length,Statechart,3442,34020,4,{DDC914A2-5BFB-4f0d-B0DB-5E66D8859028},
2191,Tolerances for Plastic Parts,Custom,2485,0,5,{74289483-4757-4341-8984-BD435608271E},
2192,ISO 20457 TG05 - Injection Molding,Custom,2486,0,14,{FEF0A508-8394-4ba4-BD2C-7F574C00D0E4},
2178,WB Unit - BiDi Modular,Logical,2433,0,7,{39B9AC86-6804-4055-B638-781D24D92ECD},
2179,WB Unit - BiDi Modular,CompositeStructure,2433,52504,4,{31139149-331A-46f1-93C7-D38E7B7C4154},
2180,Hardwired Interface,CompositeStructure,3691,28501,7,{E079D7A6-9357-4c8b-8D31-9EFC1C6DF99D},
2176,Service System,Logical,3956,56665,32,{0ADF4C4B-0E35-4bda-9973-3EA3FE98F708},
2177,System - Bidi Modular,CompositeStructure,2437,52512,5,{66936399-6106-43ee-B444-8BC1D3672574},
2174,UBMID_Power Circuit Functional Decomposition,Activity,2473,0,12,{BE47CC42-171F-4b87-BAE3-2D1FF640E304},
2175,UBMID_Controller Circuit Functoinal Decomposition,Activity,2474,0,15,{9C616E94-5EBF-46c2-B00D-935D4FDB3732},
2170,CE Glow Wire Test - IEC 61439 (Wallbox Flammability),Custom,2468,0,6,{53D3B023-01E6-4db9-A44B-86A8F7B92587},
2171,Light Guide,Logical,2469,0,0,{0987D650-759A-467e-9102-DE7E0E845872},
2172,Universal BMID Functional Decomposition,Logical,2471,0,0,{575F5D86-D7A9-482c-9414-CEC29BD28F28},
2173,UBMID_Comms Circuit Functional Decomposition,Activity,2472,0,15,{7568317D-7658-4dc6-9D4E-E1E9E9F2A116},
2167,San Diego Airport,Custom,2465,0,5,{15354EE7-5635-45e3-932B-69CB0E166623},
2168,Tarmac Wallbox,Logical,2466,0,6,{1E04A168-8A74-475e-AEAE-ADBCDDA8E5F0},
2169,CE Glow Wire Test - IEC 60695-2-11 (Coupler/V2L),Custom,2467,0,7,{D98F6955-4AD0-4249-A871-EC838E9CBBFC},
2163,UL Flammability - Cables,Custom,2462,0,3,{CE5938DC-10F6-4f26-9F5B-C16C379712F1},
2164,UL Flammability - Fiber Materials,Custom,2463,0,5,{1AC9A9FC-FE59-4d6e-B9EE-9F127412B32A},
2165,UL Flammability - Polymeric Materials,Custom,2464,0,7,{05D2F472-20C9-4e63-BA0C-60326692BED1},
2160,UL Flammability - Parts Inside Housing,Custom,2459,0,11,{FA1E120E-71E6-403f-AC99-394AD0B3985A},
2161,UL Flammability - Parts Outside Housing,Custom,2460,0,3,{770B8D2F-1951-48d0-9297-462BCA2ABCAB},"<b>UL 94 (HB Rating): </b>Slow burning on a horizontal part.  Slow horizontal burn test (H-B) are considered ""self-extinguishing"". The lowest (least flame retardant) UL94 rating."
2162,UL Flammability - Printed Wiring Boards,Custom,2461,0,3,{C6CA0C4C-2595-4f4c-8808-EE61AAE80B79},<b>UL 94 (V-2 Rating):</b> Burning stops within 30 seconds on a part allowing for drops of vertical flammable plastic.
2157,UL Flammability - Metal Materials,Custom,2456,0,3,{5BBCA835-DF30-4668-8940-84ABD38BD56A},
2158,UL Flammability - Non-Metal Materials,Custom,2457,0,9,{AE365D92-FABB-4974-AB25-B5EAA24CB0D9},
2159,UL Flammability - Housings,Custom,2458,0,6,{CBB051BA-B88D-43dc-8559-57C8740914D1},
2151,Cable ASM - Grid Swappable wTemp,CompositeStructure,2672,52655,13,{405A4268-03C6-4083-8053-618E2ED60431},
2152,Flammability - UL,Custom,2452,0,28,{0FB4E446-2B46-4922-9F07-6FB85B939A63},
2153,Flammability - CE,Custom,2453,0,11,{550433FE-A46F-49a0-8A08-F2A14B552185},
2147,Universal BMID_Controller Circuit,Logical,2448,0,11,{1BE19615-434E-4e7d-ACCF-7BCF79979030},
2148,Universal BMID_Comms,Logical,2449,0,12,{C023F687-0B43-4740-B316-B5F2F17BFDCB},
2149,03 Assembly Pkg,Logical,2450,0,0,{85CFB3E3-F668-4a26-B419-CC3A0FE425E6},
2143,Cable ASM - Grid Swappable wTemp,Logical,2444,0,13,{9CA1F9CA-C4F6-4198-83FA-3DD42BFDB453},
2145,PosiGuard Electronics,Logical,2446,0,6,{0C67B39C-1725-4903-8AB7-2AD28C9FDBE7},
2146,Universal BMID_Power Circuit,Logical,2447,0,8,{383A1321-80DD-42f9-B0E3-BEE5BA7FFCCA},
2133,ASM - Transformer BiDi,Logical,2430,0,7,{FC885144-9916-4d1c-96D5-ECF2C80898E2},
2134,ASM - BiDi,Logical,2429,0,8,{668D06B2-691E-47c1-AAD3-BD0ADE7DDCE0},
2140,Battery,Logical,2442,0,0,{C46D055C-ACA3-48ac-8893-A385744B5C21},
2141,Modular BiDi System,Logical,2437,0,10,{F9BF1FD6-5EF7-4f7c-B4C1-40E274BF4168},
2130,Enclosure - Toyota BiDi,Logical,2434,0,6,{C10878C1-7B5D-4034-827E-A6704FABC834},
2131,WB Unit - Toyota BiDi,Logical,2433,0,1,{69389512-C89C-4a1c-8DDB-B55029316240},
2132,ASM Enclosure Walk,Logical,2431,0,6,{BEDDE5E4-DC46-43d6-B1F3-51D3014A3E04},
2127,Wallbox - Modular BiDi Context,Logical,2437,0,10,{D7A1EEC6-9BDE-4641-B2BB-EFC4A9765DB3},
2128,PCBA - Toyota BiDi,Logical,2435,0,1,{5B30A819-B497-4186-959D-0091224A94E7},
2129,Electronics - Toyota BiDi,Logical,2435,0,2,{389941FF-E5DF-4e55-B6C9-AA109F36652F},
2122,Light Pipes - Surface Contour,Custom,2421,0,5,{6CEC47EB-5B34-4f14-B873-E55BB39BAF65},
2123,Light Pipes - Exterior Surface Treatment,Custom,2422,0,5,{26CB9080-A23E-4c9c-84D4-B18A1D873538},
2124,Circuit - Relay Zettler 143,Logical,2423,0,0,{EBC2BCFB-3C17-4ef9-82E0-CFB552266F8E},
2125,Circuit - Relay Zettler xxx,Logical,2424,0,0,{B0E94536-1C10-4d7c-8424-291148291C78},
2126,Circuit - Zero Cross,Logical,2833,0,8,{A3CC88E2-A73B-4b8f-9FA6-C96ED393B7ED},
2119,Light Pipes - Theory Considerations,Custom,2418,0,8,{9351FEAD-39F4-4021-A79C-DC600C94D4A5},
2120,Light Pipes - Best Design Practices,Custom,2419,0,8,{ACE838D0-FC83-45b9-B240-6474F5CA75D0},
2121,Light Pipes - Corner Design,Custom,2420,0,4,{7341BC1F-F408-4f4c-A536-016CBC701399},
2116,Creepage and Clearance: 600V Systems,Custom,2415,0,13,{A5461424-EAFF-41b7-BD32-2D075D0412CC},
2117,Creepage and Clearance: 1000V Systems,Custom,2416,0,11,{95823554-6E05-4be3-A95A-DFC7E470AF91},
2118,Light Pipes - Definition,Custom,2417,0,5,{AF242FAC-7651-437c-9348-24489DCDDAC2},
2113,Creepage and Clearance: 100V Systems,Custom,2412,0,12,{99125BF8-56D2-495e-9A30-5C8C232A8C74},
2114,Creepage and Clearance: 150V Systems,Custom,2413,0,13,{33F0E2F0-CA17-4b71-8AF7-43ADBAB46EFF},
2115,Creepage and Clearance: 300V Systems,Custom,2414,0,13,{5352FDD4-4ADF-467a-9247-CC5B57FD5435},
2110,Creepage and Clearance - Fault Prevention,Custom,2409,0,4,{C3ED8EA6-4F30-4575-9336-7B3B8E06B278},
2111,Creepage and Clearance - PCB Voltage & Impulse Rating Compliance,Custom,2410,0,9,{D84A964E-91A3-4be2-9344-1B7EFDC8B0A9},
2112,Creepage and Clearance: 50V Systems,Custom,2411,0,11,{7F07EDF0-AE9D-479f-99D6-19179914FFC4},
2107,Creepage and Clearance - Spacing Considerations,Custom,2406,0,5,{7E1C9211-89A2-4be4-B76D-257316317452},
2108,Creepage and Clearance - Creepage Distances,Custom,2407,0,6,{D2CD0418-4B2A-4cf0-AF77-B3AEEF107853},
2109,Creepage and Clearance - Clearance Distances,Custom,2408,0,6,{EF7B7583-C83F-4c37-9A3E-5D7C765807AC},
2103,Draft Angles - Part Volume,Custom,2403,0,4,{1A5C60DE-96E8-4f35-80F9-89E04F827AF8},
2104,Draft Angles - Surface Texture,Custom,2404,0,8,{203A77B5-4C91-4a4e-AA88-1785F2349AF5},
2105,Draft Angles - VDI Textures (ABS/PC/PA),Custom,2405,0,15,{37949165-1095-4b7f-B11E-FEAE29218339},
2100,Draft Angles - PVC,Custom,2400,0,5,{FA42DC2F-9447-4e31-82BB-4FBBEA17727B},
2101,Draft Angles - Tool Type,Custom,2401,0,5,{1106D7F3-EE5B-46fc-B96C-168BAF532776},
2102,Draft Angles - Part Depth,Custom,2402,0,5,{FDDDDF3C-1CA9-4da2-9ADE-B030C8781C7A},
2097,Draft Angles - Nylon,Custom,2397,0,5,{76419FB9-04CF-4bfa-9ECD-11ABD28052AF},
2098,Draft Angles - PC,Custom,2398,0,5,{CC505761-4609-4395-B51D-1EB8CE24C440},
2099,Draft Angles - PP,Custom,2399,0,5,{F60A6F18-6332-4f57-A31D-929FB6EADF10},
2084,Cable ASM - Coupler SAE Variants,Logical,2393,0,5,{AAA837AB-4AEB-4aa7-82A4-E5C5DF1BEA45},
2095,Draft Angles - Part Material,Custom,2395,0,9,{5B60C648-3F30-4914-AD86-1549F2977F10},
2096,Draft Angles - PE,Custom,2396,0,5,{603E19DB-2CB1-4bd8-AAEF-14AD3F579258},
2081,Strain Relief,CompositeStructure,1086,27700,3,{570BFA81-2141-44f9-98F6-79D460A27A21},
2082,Cable ASM,Logical,2392,0,3,{CBFBCC2E-0374-4e4e-9480-EFE5B3612C7E},
2083,Cable ASM - Coupler Table,Logical,2389,0,1,{7DDB6F18-2C21-441c-9775-E3711F98D792},
2077,Vehicle Interface ASM - SAE,Logical,2388,0,9,{C8F9A27A-EAB2-45da-8C55-CD464E3BBECE},
2078,Cable ASM - Coupler Variants,Logical,2389,0,0,{145C0894-BBEC-4340-B546-F2AF2CE18485},
2079,Cable ASM - Coupler SAE TempProx,Logical,2390,0,8,{6BBA9F1E-C5BC-435d-A851-EFA7FB83533B},
2080,User Interface,Logical,2391,0,10,{85737ED2-6F50-486c-84AE-6B6EDFEC8001},
2063,Ingress Protection,Statechart,3444,23038,10,{28F9E5C7-97A5-412d-8B25-414A1C5AC195},
2064,Liquid Protection,Statechart,3444,23036,10,{02672D5F-D975-447a-A8B8-16C402FC3DFE},
2065,IP 68 FMEA,Statechart,3444,23038,5,{DC517D09-3D75-410c-B68B-E2AE4A254941},
2061,Communications Design,Logical,3555,52096,11,{A1A4BBF3-D29B-468b-BBC4-4F09A3185364},
2062,Product Marking,Logical,3446,51987,7,{B86763F4-84A4-4c7b-A3E4-01BCFA01940D},
2058,7.5.3 Enclosure side ventilation openings,Custom,2378,0,9,{53F17289-246D-4663-9198-B2F6AA29FF18},
2059,7.5.4 Enclosure bottom ventilation openings,Custom,2379,0,11,{FB342DB0-42E0-4664-B08E-153660BED963},
2060,7.5.5 Openings for wiring,Custom,2380,0,9,{0FA1763A-D756-4bc8-85F9-A41824D9D62B},
2055,7.5 Openings in enclosure,Custom,2375,0,8,{7761770B-680C-44b9-AB9D-AD686369D482},
2056,7.5.1 General,Custom,2376,0,7,{5231991F-3588-4819-97F0-C94E35362EF1},
2057,7.5.2 Enclosure top ventilation openings,Custom,2377,0,9,{7B1587D9-E5EC-48a6-AAC2-4FFF0A44A4A7},
2052,7.4.1 General,Custom,2372,0,14,{599A6962-7CD3-454a-8599-42F91B705F84},
2053,7.4.2 Electrical Properties,Custom,2373,0,13,{0DA60FBE-849C-483f-8B02-B3FA5354EE29},
2054,7.4.3 Thermal Properties,Custom,2374,0,12,{C6C9E26F-50E9-41d3-B318-70FB2DB485AB},
2049,7.3.2 Cast Metal Enclosures,Custom,2369,0,9,{1E3089BD-EF84-4582-9D16-07476809D288},
2050,7.3.3 Sheet Metal Enclosures,Custom,2370,0,17,{9A00992B-174D-44dc-BB19-30F05C423884},
2051,7.4 Nonmetallic Enclosures,Custom,2371,0,7,{926BD13A-67D9-4c31-A13B-99773944B3BA},
2047,7.3 Metallic Enclosures,Custom,2367,0,9,{C8C1F1C6-F17F-48b7-BE1A-02DC3EB14A54},
2048,7.3.1 General,Custom,2368,0,16,{39B23CFB-581B-4ac7-B18E-43BB595A35E5},
2044,7 Frame and Enclosure,Custom,2364,0,10,{5F2E36D6-209B-4ba8-A7A9-45EED01C5DD9},
2045,7.1 General,Custom,2365,0,18,{C4C9AD6A-A739-48fd-AEFE-59051AA41EBC},
2046,7.2 Access Covers,Custom,2366,0,6,{31B591AF-3699-4231-923D-5FF05A72AA67},
2042,Operate at Temperature,Logical,3956,51957,1,{140C0A68-0830-4d68-9469-59D5BB925EB6},
2043,6.3 EV power outlets,Custom,2363,0,17,{740FFDE1-4AB3-48d1-AD62-2C44F9354DF2},
2040,6.1 EV cord sets,Custom,2361,0,16,{0048C9F6-EC8F-4c33-9C2B-811F82CA4A93},
2041,6.2 EV charging stations,Custom,2362,0,18,{707562AB-FA2B-485b-8ADA-4D87FCFC4A9F},
2037,Introduction,Custom,2358,51928,7,{01443470-1119-4fc0-8FF5-B96DD8D568B3},
2038,Construction,Custom,2359,0,5,{5854E5A3-CE9F-4c16-B2D5-268264C53AA6},
2039,6 General,Custom,2360,0,6,{0A6EEA67-FED6-402e-88D1-BB16F18767F6},
2034,Load Connection,CompositeStructure,1163,28229,1,{431DBE0C-07AB-48c5-83B1-3C491AAC72ED},
2035,UL 1741,Custom,953,51853,4,{A4BF2CB4-5CC3-46df-BBBB-217CD1712E9F},
2036,UL 2594,Custom,2357,0,4,{EA9D69EF-204E-41cb-8841-AB3EE62108B9},
2029,Interface Retention,Logical,3445,51856,8,{75E41AAC-5D61-4d70-9B2A-07B19A4C9C08},
2030,Interface Feedback,Logical,3445,51831,3,{D76D5EFB-233B-4b27-97AB-71BAB5164416},
2032,Source Connection,CompositeStructure,1184,28500,11,{8CE447B1-1C44-4626-AB92-38CD7F07BB1E},
2027,Product Interface,Logical,3445,51892,12,{895969A7-7323-4f67-A244-3110E21A9EBF},
2028,Interface Disconnect Force,Logical,3445,32959,6,{CF5B9F16-37F2-43d1-85E4-57C4A92BCE9F},
2017,Interface Ingress,Custom,3444,23038,7,{59194719-0D48-4d82-A839-AE9196F4D589},
2023,Swappable Interface_Poke Yoke Design,Custom,3445,51847,3,{AA90A193-DCE4-44eb-ABF7-C10FC7F22812},
2015,Swappable Interface,Custom,3445,51893,20,{96440982-EA8B-4f52-BB29-AB278A3937A1},
2016,Interface Connect Force,Custom,3445,32960,7,{4E36B66D-50C8-4739-97C5-7355D7D13803},
2010,Charging Product,CompositeStructure,1244,28565,16,{C5B8DF59-BEE3-48fd-B555-D1489F69443F},
2014,Useability,Logical,3451,51852,17,{CE123C74-E7A2-4192-BECD-7870522343C8},
2001,Cellular API,Logical,2066,0,1,{F46B9A1E-A28B-4f26-9EF5-F093315F3335},
2008,Charging Context,CompositeStructure,1244,31708,32,{C5AD8F55-509A-45ae-B16B-EA0F9C956683},
2009,User Interfaces,Logical,2352,0,7,{F0390459-333B-44b8-B009-F315D19E8D71},
1995,Fan,Logical,2101,0,3,{6FAF8803-2C8B-4e16-B2AA-EFC912120939},
1999,Ethernet API,Logical,2068,0,2,{DFE30241-5241-47ed-B595-8C46AE2A074B},
2000,Wi-Fi API,Logical,2067,0,2,{BA3F4E83-5C37-4b2f-99FB-CD4DBEF5688E},
1974,ISO15118,Logical,2082,0,13,{C0457369-B3A5-41b4-B812-1DC5183F675E},
1976,Wake Reasons,Logical,2084,0,8,{40297B93-C8E8-4891-B5EF-7D218287B5D1},
1984,Issue Groups,Logical,2072,0,49,{85CFB1E3-19E1-4aab-A03A-F07550627F04},
1971,DTC,Logical,2070,0,8,{ACFA2FDF-D23B-4977-B352-BB87E9374699},
1972,LoggedEvents,Logical,2070,0,4,{AC3D2411-454F-4cc4-8FE5-D15895B19CD5},
1973,IP Connections,Logical,2069,0,5,{22759236-EEBB-4beb-9198-0044FCC4D559},
1968,DIP,Logical,2104,0,2,{516F86FE-6111-45e7-A55A-B48C1C9D7F07},
1969,IR LED,Logical,2103,0,4,{A85CF473-43CD-4fec-B1D8-BBF4CF783F3C},
1970,Buzzer,Logical,2102,0,3,{BF75469B-0A43-491a-BBCA-C8D280503298},
1965,VisibleStatus,Logical,2107,0,24,{9C9219CD-EF2C-4c55-B12E-2CEAB2EBAA9C},
1966,Display,Logical,2106,0,9,{C6B4C30F-4901-4ac2-A978-8C436204C69F},
1967,Ambient Light,Logical,2105,0,6,{DDD063FA-21D8-4d89-904E-C4EA1BBFB9C8},
1962,EVSE Information,Logical,2090,0,8,{0227D12B-EC89-4467-89E0-6FFAEE134A8E},
1963,EV Cable,Logical,2073,0,14,{CB0A6519-6B91-4965-BF6C-041F341EC512},
1964,LED,Logical,2107,0,8,{0A45EF6F-CCEC-4418-93AD-20BEECDD407E},
1959,Voltage,Logical,2093,0,8,{E57F59E2-A812-4371-B057-A5A042BB5B54},
1960,Temperature,Logical,2092,0,19,{5AE25D6D-4F0D-4be4-8FD0-1DF8C41A8540},
1961,Update,Logical,2091,0,4,{8A8E16E5-2BC9-467d-82D7-5599AE004FBF},
1956,ACDC Converter,Logical,2096,0,4,{55121057-E3FA-49f1-B5DD-A1E51BF128BA},
1957,Power Path Actuators,Logical,2095,0,14,{783587C2-7CDE-4e3b-9563-8AA4C07AD086},
1958,Authentication Mode,Logical,2086,0,22,{271ECD67-39EF-4e35-81E6-8F3B7D79CF91},
1806,OCPP Signals,Logical,2077,0,17,{BEC38B74-1C0F-4c65-8EE5-D0C7446AFF77},
1930,DSO,Logical,2059,0,2,{803F2A1C-9D94-42f8-A04A-018A425F53C2},
1931,Environment,Logical,2058,0,4,{0B75F549-DC8D-4df9-87BC-B313C5223D09},
1803,Power Limitation,Logical,2080,0,42,{6BC33FD7-3C34-483e-9285-AFD984DA9A04},
1804,REST,Logical,2079,0,9,{34E4DA78-3039-4d8b-B1F4-657CBE557F6C},
1805,Backend,Logical,2077,0,5,{6D9378DC-1B0F-4498-BC08-AF352F3FB1E9},
1800,Authentication,Logical,2085,0,16,{F03AA44D-5479-45d2-ABC2-AE6989CFF10C},
1801,System States,Logical,2083,0,20,{5AEA0455-1ED8-4417-A732-FF865FCDB028},
1802,EV Communication,Logical,2081,0,19,{C070CFCF-9CF4-4bfd-9B90-3D1DE24D57DE},
1764,Pins,Logical,2060,0,5,{987E1F79-223D-478a-8D93-7AB8CE29E070},
1765,Can,Logical,2088,0,60,{055C5989-2CD3-4827-9589-4D2A4331BD40},
1766,DSO,Logical,2087,0,2,{A8FFC90F-BDB0-4218-AF58-FF00F1F41825},
1760,MID,Logical,2097,0,28,{42B9C317-9129-4058-8620-25718BF0C775},
1761,Antenna,Logical,2061,0,5,{57994C6C-2EFC-4919-8196-37E9A808FD8C},
1762,Power Path,Logical,2094,0,44,{C914A46C-E9E0-4e53-A2EA-832BAC156457},
1699,Protocol Data Interface,Logical,2053,0,33,{B683BE88-F817-4239-A556-43D5E87B8AD9},
1758,RFID,Logical,2099,0,7,{ED434F4C-C8A4-4b5c-B68B-BE9896E14945},
1759,HEMS,Logical,2098,0,5,{825BC70B-57E5-4315-BB4C-522CBD385D38},
1696,LV Connectors,Logical,2050,0,33,{18F0CF91-1306-409c-AF4C-F885D81FFF61},
1697,EV Connector Interfaces,Logical,2050,0,30,{85551B74-5836-411a-9AC7-9FAF1072149D},
1698,Mechanical Connection Interfaces,Logical,2050,0,7,{1F76785E-0DCC-4380-989A-6FEAFF929734},
1693,HMI Interfaces,Logical,2050,0,25,{63DAC66F-0B64-4d19-9CB5-4F9E0D1F44A5},
1694,RJ45 interfaces,Logical,2050,0,8,{3BA29A6D-AFF0-4993-9441-A9DF9CB3F864},
1695,HV Connectors,Logical,2050,0,32,{4E4FAA63-4500-40db-A431-8D4F6A29C6CD},
1690,uC Interfaces,Logical,2050,0,26,{EF392453-D3DE-4380-AE2A-2473394331EA},
1691,PCB Interfaces,Logical,2050,0,55,{98D00870-220F-4e25-BDE0-9CA529D41144},
1692,Antenna Interfaces,Logical,2050,0,9,{97533447-DE1D-4b2f-B637-241E4E433818},
1687,HW Signals,Logical,2062,0,20,{5320141A-A810-47af-8793-1F477685A70D},
1688,Cable Interfaces,Logical,2050,0,8,{AA7C18AB-E2A2-459d-BF4A-A3BF06723236},
1689,GrommetGland Interfaces,Logical,2050,0,11,{F0FD5168-C039-4230-8BA2-9F95191BCDE8},
1684,Error Recovery,Logical,2071,0,8,{0A8E754B-CFAD-4e6e-9424-17A4B2D51435},
1685,Bluetooth API,Logical,2065,0,4,{5C54F9CD-FEFE-4062-99A1-F2F3C4F01973},
1686,HMI,Logical,2100,0,24,{2396FEF4-852B-4c5a-85C6-55804888EC50},
1680,Warnings,Logical,2071,0,137,{56A71FCB-6A8A-450f-AD64-A41AFDCCD6A0},
1681,User Interaction Errors,Logical,2071,0,27,{142455DB-B21E-4d33-A790-69405DE2FEF4},
1682,Power Cycle Errors,Logical,2071,0,5,{559A5E9E-E031-4681-9499-06209707F343},
1683,Emergencies,Logical,2071,0,0,{F102C037-C23B-4bd3-94D5-343D3A46FE40},
1557,Component Operation,Logical,3956,40427,8,{005316D7-2781-47ca-ACBB-49CB96B43006},
1678,Issue Types,Logical,2071,0,8,{42AE8108-D3CD-4105-95E7-CEF68EA8174E},
1679,Automatic Errors,Logical,2071,0,21,{AE76A9FA-7FE9-4119-97D8-2BEBFBAF55A5},
1331,Source Connection - Grid,CompositeStructure,3691,28503,11,{B8F8B69B-61A0-42f4-A032-49C2A2839018},
1332,40 Source Connect SM_Pkg,Logical,1184,0,4,{7D30A33F-733F-46b7-9CB6-931424BB391C},
1333,Electrical Control Unit,CompositeStructure,1388,28010,10,{1DBA130C-2116-4376-A87F-BEFCFCAADE43},
1328,Electrical Control Unit,Logical,1388,0,5,{72323BDD-A85E-4656-A39A-E1B9443B78C0},
1329,Enclosure - ECU,CompositeStructure,1388,28037,1,{4EFBBC26-94D3-4a97-B1CB-A7C521983743},
1330,Enclosure,Logical,1125,0,6,{8E514366-8231-434c-9573-D6BEA28A0C75},
1324,Monitor Temperature,Activity,3955,23072,3,{6D134CAF-15C8-4cca-A1B0-EAB4D4435336},
1325,Circuit - Dark Start,CompositeStructure,1031,28914,6,{D4870F04-517C-4beb-BD6F-FF6075ED81F3},
1327,Product Variants,Logical,1192,0,5,{3AE0AD65-1F9C-4c4e-8902-12A06AF465AC},
1309,Transfer Switch Monitor,Activity,3955,35279,5,{21A6F970-72FB-4c0f-9AF5-C24DA70D4465},
1316,ASM - Transformer BiDi,CompositeStructure,1124,35477,14,{39E6941F-F986-473a-856E-3B658708F4C9},
1322,User Reboot,Activity,3952,35676,4,{DD3E5455-FB64-4221-B14A-F94622886ABF},
1302,Dark Start,Activity,3956,35280,5,{AFDDF5E6-9B85-4688-9748-1DC3D3223AC7},
1303,Bidirectional Supply,Activity,3954,35290,6,{96427381-A0BF-46dd-BB3E-ACD0050DE8B3},
1304,Protect against Overcurrent,Activity,3954,35299,5,{85404814-CBE3-46db-8B81-0916978EC1E9},
1284,Circuitry - Components,Logical,1784,0,5,{071CA877-32A1-4fca-8956-6C9C9787C462},
1285,Manufacturability,Logical,3447,56833,11,{57956E7B-2808-4fcf-8E4D-62993415D76C},
1289,Logistics,Custom,1788,0,2,{2445EE82-F117-406c-8439-3EEB7F52FC3F},
1295,Photovoltaic System,Logical,1792,0,0,{707D7378-61ED-48e9-9B70-53BD11A15BC9},
1280,Industrial - Product Compatibility,Logical,3745,34546,4,{B471EEAD-5F27-4d36-9316-BEF114530C40},
1281,Cordset - Product Compatibility,Logical,3745,35126,5,{719FA46A-EA75-4814-821B-D65729059DE4},
1283,Vehicle Interface Compatibility,Logical,3745,23088,11,{51BC48A5-B7AD-4365-9155-BAE2E8CD2B6D},
1275,Protect Personnel,Logical,679,35165,30,{E5BC87C6-6BB5-4419-BF4F-EF501FC4552F},
1279,Wallbox Product Compatibility,Logical,3745,35125,12,{3EC3BDBB-303E-4f4b-8381-A40FA895E7BD},
1272,Circuit - Contactor,Logical,2982,0,5,{AD9AAC84-80A1-408a-9FB8-2B8F82B480FA},
1273,Circuit - Relay Zettler 132,Logical,1037,0,4,{5D99C352-E244-4475-B59B-FBF985E83F72},
1232,IEC - Plug Compatibility,Logical,3745,34808,25,{6E37FD37-58A4-49b0-98B1-B1FD3963A6BE},
1233,GBT - Plug Compatibility,Logical,3745,34805,5,{EFF7DC0A-18B3-483f-BE52-C70A16CF5F23},
1234,PSE - Plug Compatibility,Logical,3745,34891,7,{C544B7B3-CCC9-416d-A2A2-7C19914F3D93},
1198,Design Specification,Logical,3447,35167,7,{19304AAE-45FE-4f20-9F22-DE65A32B395D},
1227,Grid Plug Compatibility,Logical,3745,34816,5,{A4FC0FAB-6854-4fcb-AE32-F51729FD5D4F},
1231,NEMA - Plug Compatibility,Logical,3745,34804,13,{3829E00A-C169-4de6-A48A-6919EF9F4184},
1174,Protect Product,Logical,3956,56326,8,{11D5DF62-32E2-4c0f-8EB6-7D8FEEC8ECC6},
1175,Serviceability,Logical,3448,23062,5,{F54F1075-F4BE-4614-814D-AA974F8D10A2},
1169,MHE Compatibility,Logical,3745,34545,9,{616BF712-4EC3-4824-A808-4A46EDDB6498},
1170,GSE Compatibility,Logical,3745,34548,11,{9DA56E47-05EF-412c-944E-EE046BF973DB},
1172,Battery Management Compatibility,Logical,3745,34557,4,{D233B17A-424A-4c71-A79F-3F207F5B2CA0},
1139,2.3.2.2: Bluetooth Low Energy,Custom,1656,0,7,{208347C1-87F3-4a5e-AC19-284E18CB89B8},
1145,Energy Transfer,Logical,3442,34341,11,{D76878A4-ED8C-41a0-842A-84850CCE701F},
1160,Product Compatibility,Logical,3745,34418,9,{CFFC086A-C4BD-4738-BBC8-27AECD99F255},
1129,Charging Location Compatibility,Logical,3745,81402,2,{2048C14E-3160-4cf3-954D-BCA5E299E51F},
1132,Regulatory Compliance,Logical,3744,34039,12,{DCD60D8C-6102-425e-A4F9-E0DF4A8E7698},
1138,2.3.2.1 Mark III Communication Board,Custom,1655,0,5,{2D9BAADC-E77C-4399-AE46-9A4DF3FD4F17},
1126,Product Design,Logical,1652,34031,14,{F1DA5CD2-56F6-4711-9952-71593F88E066},
1127,Portability,Logical,3451,34014,15,{7AB9C759-4000-4d35-853A-E4F067C5874E},
1128,Cable Length,Logical,3442,34020,11,{A1319683-04E0-4368-A98F-7C41C29350D4},
1123,Outdoors,Use Case,3369,79736,15,{147F9D7D-97F4-4273-AF57-77210304E839},
1124,In/On Vehicle,Use Case,3369,79734,14,{AA4C992C-2C10-438e-8923-A9A0836E3FC2},
1125,Thermal Performance,Activity,3956,51957,13,{4E2AE0CC-3BB2-44d1-99A6-A1B23582FC89},
1083,South America,Logical,1619,0,20,{54CBECE6-37E3-43ac-885B-06C9FDE6BF90},
1084,Western Africa,Logical,1618,0,20,{F0AD6FD2-9742-4684-BA91-3587BF65D194},
1122,Indoors,Use Case,3369,79735,8,{F363A756-DB9C-47e4-B3D2-7352ACDF278F},
1076,Internal Event Data,Logical,3953,35132,1,{5FE2DBD9-2DCA-474a-A1CA-5E807AB19F5F},
1077,Record Context Data,Logical,3953,33293,5,{422196A0-07FB-4a82-A012-3433B2800CEB},
1082,South-Eastern Asia,Logical,1617,0,15,{C2F0909F-6B2F-4f79-8650-FB9DCDBBB7D6},
1068,Central America,Logical,1610,0,12,{53342086-FD31-48d7-B880-C80DB5A6213F},
1069,Northern America,Logical,1611,0,8,{C445E9A8-7B60-494a-A415-B3E5BBA1E07D},
1075,Event Type,Logical,3449,33178,5,{B2F13E0B-C097-4718-A36E-0EFF7E47E7A9},
1065,Channel Islands,Logical,1607,0,7,{51E23BBE-4846-432c-BA47-68EBA7A3D2D9},
1066,Northern Europe,Logical,1608,0,22,{BBDFCA52-F419-4f22-8D33-AE7F5333A5CB},
1067,Caribbean,Logical,1609,0,32,{4FF8D37B-C5AB-494d-88E2-8BDC353B9336},
1062,Western Europe,Logical,1604,0,13,{7D22F20D-A65B-4bee-B0CD-B044182CEF89},
1063,Southern Europe,Logical,1605,0,22,{DE0EF8C3-7AA7-4454-923A-AA1644758A0A},
1064,Eastern Europe,Logical,1606,0,13,{1CB6296B-182B-4c19-B27B-83A4D0AB89B8},
1059,Melanisia,Logical,1601,0,8,{CE1906D7-3FDC-4191-9AE3-CC2A6C8C0817},
1060,Micronesia,Logical,1602,0,12,{499F0369-D0BF-4e19-8B5F-A51BF66854A6},
1061,Eastern Asia,Logical,1603,0,12,{0D5AEECC-8943-465b-AE07-5A695D02EE6A},
1056,Central Asia,Logical,1598,0,9,{A1979C71-4A74-45c9-A99E-4903C7F34566},
1057,Southern Asia,Logical,1599,0,12,{CEFA198F-F274-46f6-8392-53AB4DCA1EBB},
1058,Polynesia,Logical,1600,0,15,{4FED31AE-2F11-4255-8E79-72BE746469F6},
1053,Middle Africa,Logical,1595,0,12,{19056072-223B-49c5-B00D-850BB4CCF8F2},
1054,Southern Africa,Logical,1596,0,8,{78767099-BC4D-48b9-8EBD-0B61E65202CC},
1055,Western Asia,Logical,1597,0,22,{66876CD2-A0EF-4ee9-B35E-729A65F51058},
1050,Australia and New Zealand,Logical,1592,0,11,{00C02CC7-CE63-496e-9593-6771665A4A2E},
1051,Northern Africa,Logical,1593,0,13,{8BA085E2-7C08-4712-83E2-E8DADC3DB4AB},
1052,Eastern Africa,Logical,1594,0,26,{4286CBD9-C79B-43bb-BEE1-79BEE9AC6C93},
1047,Europe,Logical,1589,0,8,{F456EED3-C901-4fa5-BEEA-29A87E959909},
1048,North America,Logical,1590,0,6,{37F43F54-6E73-4ddc-B516-35AB3038EA27},
1049,South America,Logical,1591,0,3,{CDC812FB-98D5-4ed0-9F0C-7B18329B2A97},
1044,Antarcitca,Logical,1586,0,3,{B6852A1D-24E6-4edd-B724-6838302B3E01},
1045,Asia,Logical,1587,0,11,{6BFF9568-9DEC-4eed-A30B-47621E91D7E2},
1046,Australia,Logical,1588,0,4,{BDC0950C-C09B-4aa8-9F35-A8F9F08D7624},
1040,2.4.8: Historical Log Data,Custom,1578,31581,10,{D9FCADD7-E17B-47de-AC4D-C96236CFE7ED},
1042,2.4.8.2: Battery Identification,Custom,1580,0,3,{E6EDB709-E02F-4e9b-9EB0-457C6AAD46B4},
1043,Africa,Logical,1585,0,8,{7061093D-E7E9-41cd-AA3D-C0452170CBFA},
1025,Monitor Battery,Logical,3955,23074,19,{31A1D025-C812-4ac2-9BF4-446C3A5B31FC},
1037,Temperature Monitoring,Logical,3955,23072,6,{A4345843-69E2-4062-9496-F6711115D1AF},
1023,Grid Monitoring,Logical,3955,23075,15,{8E3DF023-5896-4bf6-84B4-7AB3C9FD2B78},
1024,Monitor Vehicle,Logical,3955,23067,18,{6A23CC0E-4C14-4b19-BB32-DD7242EF28AD},
1016,Record Monitored Event,Logical,3953,33144,26,{88EA8B99-D74A-4986-BA43-EB7E043CD49A},
1017,Record EQ Data,Logical,3953,33023,9,{3FB26663-050B-4171-A9AB-F9AC371F9A55},
1013,Product Identification,Logical,3449,33017,7,{A55C863F-6222-4d53-83DA-7BAC8E242922},
1014,Thermal Performance,Logical,3956,51957,15,{9A0FAC89-7EC3-49b3-A8CA-2A5C978CC0E6},
1015,2.4.7: Charging State Data,Custom,1454,31902,21,{283FB936-DD3C-4485-8037-FEB74D5FCAF3},
1008,Component Current Operation,Logical,3442,32968,8,{A5A0FF77-3E4C-4d9e-AC1D-E89E88032659},
1012,Product Parameters,Logical,3449,81405,21,{51421FB4-AA7A-428c-ADD1-B84C0D0E947A},
1004,2.4.6: Battery Configuration,Custom,1454,31901,45,{DFE83F62-0D75-4437-B7CD-245662A9CDBB},
1006,2.4.6: Event Thresholds,Custom,1454,31901,22,{AC3FE2DF-C4B8-4c03-8371-B0A135908634},
1002,Monitor Product,Logical,3955,23082,8,{D97C39C1-2F11-4736-BA72-E6CF5C3B697E},
1003,2.4.5: Battery Monitor Events,Custom,1454,31900,32,{BB2B0A74-4CC2-4fdc-BAA2-5F492DA804F6},
1000,Event Thresholds,Logical,3449,32858,11,{34E1269A-B050-4d68-8196-7ED7A27B900E},
1001,Record Fault Data,Logical,3953,22897,6,{A7749427-3AC1-48fa-BE8A-D4981E9C5FBF},
997,Record Event Data,Logical,3953,22898,10,{17271E5A-8A7F-4564-B456-40BD0836F012},
998,History Data,Logical,3449,22899,13,{D0C8A439-5085-47ea-90B0-767786A83A40},
999,Product Data Storage,Logical,3449,32812,6,{1B99E2CC-F47B-48e8-A8F9-0F146311092C},
995,2.4.3: Application Software,Custom,1566,0,2,{CA50A157-1D1D-4916-B17E-DAB1021D8212},
996,2.4.4: Battery History,Custom,1454,31579,44,{EF9668CC-9C6B-46f6-8EB9-8C64363F07A0},
991,Data Storage,Logical,3449,34076,1,{45DDD0CA-D9AA-455d-9B58-3D83FE60C097},
993,2.4.1: Factory Setup,Custom,1564,0,4,{880A31A4-6791-4e24-84A0-EBAFF8F5220B},
994,2.4.2: Software Update Bootloader,Custom,1565,0,7,{E6410468-2E2E-4bbe-B0FB-8B21F23027C4},
984,4.9: Relay Control,Custom,1558,0,3,{CF6A4F08-D71F-41ca-A370-A177CD1683EA},
985,4.10: Indicators,Custom,1559,0,7,{7E4DA7E3-7347-4a34-B04C-13A944FF8B39},
986,05 BMID Command Set,Custom,1560,0,12,{81C82138-6C72-4466-92CE-A1C8ECB036CC},
979,4.6: SmartGuard Serial I/O,Custom,1553,0,7,{6516F666-337A-4c6b-B4E9-59C1359E1CD1},
981,4.7: GPRS Modem Serial I/O,Custom,1555,0,6,{F6EB81DA-AF33-4e04-8A53-171FB5E4F736},
982,4.8: ASK Powerline Modem Serial I/O,Custom,1556,0,7,{1D28DD38-1C1B-4630-A72F-8A989825B2C7},
976,4.3.6: Auxiliary,Custom,1550,0,6,{3EF6D783-4916-4b8e-9234-7E0724A4F929},
977,4.4: CAN,Custom,1551,0,3,{6E1DA78C-8DD3-472f-960F-DFB5C1CDFE12},
978,4.5: Real Time Clock (RTC),Custom,1552,0,4,{B0E2AB59-AA8B-44a1-A3C4-CEDF5E08F691},
973,4.3.3 Mid-Pack Voltage Accuracy,Custom,1547,0,5,{D247D0DB-2FE4-4940-A09D-8FFC5B1BA7ED},
974,4.3.4: Water Level,Custom,1548,0,6,{B69E511D-CA6C-4951-8508-DA2AEEBE60AF},
975,4.3.5: Key On,Custom,1549,0,5,{984A55E2-A2FC-4468-B466-B539C3535B7B},
970,4.3: ADC,Custom,1544,0,7,{262C2964-D476-442f-9531-4E0AAC72DC10},
971,4.3.1: Current,Custom,1545,0,10,{7857375C-6A42-45c1-9BE8-CD1BC96C0865},
972,4.3.2: Pack and Mid-Pack Voltage,Custom,1546,0,5,{B4B69E0C-1FDB-45d5-B29C-72C351DE9100},
967,03 General Software Requirements,Custom,1541,0,9,{5A8F9015-6B08-44aa-9406-BA586F6931F7},
968,04 Hardware Support,Custom,1542,0,6,{BA61F26F-511A-4217-993C-E27DB5385AA5},
969,4.2: Flash Memory,Custom,1543,0,6,{30E0C029-D2B7-47d1-ADC5-80D6C87300E8},
961,Custom Shippable,Logical,1534,0,4,{BBB77B8B-A0AF-40b8-8415-4F92E99E6336},
963,Packaging,Logical,1536,0,3,{60C474D3-103D-4126-8849-D16506CBD5E1},
965,DVS 330,Logical,1539,0,9,{F4F4C0AB-F51B-4ec7-8A53-F5C03B087106},
951,Circuit - Signal Converter,Logical,1526,0,7,{0980B4D4-0378-49aa-8815-B0B934A9170B},
956,Install BMID,Use Case,1191,79230,39,{993BDAC6-5837-4e55-A5D2-03E8D8D8A95D},
927,Gen III Control Board,Logical,1488,0,2,{2C641EAF-ACF0-43cd-920D-D2F54FDC0E9E},
928,GSE Power Module,Logical,1488,0,1,{1C3A7B0E-45AD-459e-9B6B-5D6B2030F490},
931,NFPA 70,Custom,1495,65541,9,{B4E607D4-2E90-4bdb-9EB6-6593B756C8E6},
920,Pre-Charge,Statechart,1399,31435,8,{7A2B17A8-3230-4433-A9C9-DC6C75E7F2C1},
925,Circuit - Relay_STM,Statechart,1036,32128,10,{20FE9D4E-4D98-4f3a-A054-D7BAB8BCBC20},
926,Circuit - Relay,CompositeStructure,1036,27283,13,{B78F96B0-528F-4735-8180-1CD3F41BC067},
903,Webasto Charge Connect - Web Portal,Logical,1458,0,26,{B706D65C-292E-4652-9A3C-E2D61E9BF28C},
905,Enclosure - BMID,Logical,1470,0,2,{A4A9A379-46C1-4607-B8B8-90AFE63814D1},
906,PCBA - BMID,Logical,1471,0,0,{A656BC9B-73B3-410c-A38F-4796EB8EFE51},
907,Electrical - BMID,Logical,1472,0,3,{ACFD8E68-40BF-44cb-82A9-A980A58CE76A},
887,External System,Logical,1443,0,30,{7D33E657-3709-43fc-A44F-8B684FB4D623},
901,BMID,Logical,1191,0,12,{423FD271-5800-486b-937B-5D83D4767B64},
902,Webasto Charge Connect - App,Logical,1457,0,22,{E5C3BEAB-B042-4e62-B31B-2F53B165AE00},
877,Circuit - Weldcheck,Logical,2748,0,3,{FCA00E10-F79F-4b50-9CCC-C408B88FC651},
878,Circuit - MCU Main Variants,Logical,2839,0,3,{2FE27BF5-CE29-4a56-9FEE-1D667CA43BA8},
883,Product Context,Logical,1192,0,9,{FE97AE07-12AF-46f5-AAC0-5E6A78DEDFF4},
884,Digital Component,Logical,1088,0,0,{B7FE2037-21ED-44bf-A80A-4DCAE4BC25CB},
867,Connector,Logical,1422,0,4,{F3006AEF-89D1-4941-9A63-7AC951512C16},
868,Isolator,Logical,1423,0,10,{ADFF0A9F-5C97-472c-8EE2-55FE11460023},
869,Converter,Logical,1424,0,10,{69DEBC44-27F8-42a1-B80A-E93FB285E7D8},
860,2.2 Compatability Requirements,Custom,1416,0,11,{67A206BC-DC6F-46fd-AB12-AFD6E397167D},
865,Interface,Logical,1070,0,6,{E85D657F-E505-4041-A217-937E8A16336F},
866,Interaction Medium,Logical,1421,0,7,{C99B5694-9212-4199-8EA9-3320C40C46FB},
859,PosiGuard MRD,Custom,1454,0,52,{849D53C4-2BDE-4dc1-A4A6-12AB90C9C3AD},
856,"2.3.6 Real Time Clock (E16, E17)",Custom,1413,0,7,{D4ED49A3-A4A4-4a7b-919E-6CABF037AC8A},
857,"2.3.7 Status LEDs (E24, E25, E26, E27)",Custom,1414,0,11,{473F532B-284D-46a2-BBBA-F976B04F078E},
858,2.3.8 Fault Tolerance (E28),Custom,1415,0,5,{B1678DF2-CD3D-404e-A5A3-E1C3607B9B1D},
853,"2.3.3 Support Webasto Universal BMID Protocol (E43, E44)",Custom,1410,0,16,{3D1A36E3-04C0-4236-BE7E-76DA304A4325},
854,2.3.4 Power Requirements (E18),Custom,1411,0,5,{4ADA1FCE-01ED-420f-8B69-10987E137DB7},
855,2.3.5 Analog Measurements,Custom,1412,0,15,{7E4690C2-50D7-4da9-86A5-398E683E3EAA},
850,06 Design Verification,Custom,1454,31600,4,{D1414B60-3E75-48df-B059-2B7E1FABCF38},
851,2.3.1 Non-Volatile Memory,Custom,1408,0,7,{BE56EA20-02F8-4655-B4BE-0255FC74B6AC},
852,"2.3.2 Communication Ports (E3, E47)",Custom,1409,0,10,{46540664-964E-4b9c-B2DA-42E548BF2036},
847,2.3 Electrical Requirements,Custom,1406,0,35,{2767AB9F-B618-4bb0-BC44-C8F51ACADBB8},
848,2.4 Software Requirements,Custom,1407,0,31,{B2F258B8-E621-424c-82C7-6964DE8FBC50},
846,Section 02: System Requirements,Custom,3532,0,43,{D00A083D-52D1-4854-80E6-C5D75E3635BD},
832,Circuitry - Wireless Comms,Logical,1043,0,22,{1D5EEC38-DFA9-4d35-AC55-899CA68B8855},
830,Circuitry - Safety,Logical,1039,0,9,{A04B3F3C-4193-42d8-8D95-35E926E94D65},
831,Circuitry - Wired Comms,Logical,1042,0,33,{DD533ECD-D061-421e-8C2F-EFCCFC82A4B4},
828,Circuitry - Control,Logical,1031,0,35,{883F159A-EE0D-4b39-A388-1123504C68A8},
829,Circuit - Temp Sense Swappable DC_Pkg,Logical,1041,0,2,{8915F8CE-D8CF-404e-AF22-4D57123B46DB},
826,Circuitry - Diagnostic,Logical,1032,0,7,{DDDE709A-F7DE-47a8-8334-A185A5E4BEFE},
827,Power Stage,Logical,1401,0,6,{F6EF28F5-E0EA-4c73-85C8-AD54FED188F0},
823,MVS 800 Station: Fast Charge CV State Diagram,Activity,1396,0,2,{5E5CF598-D77A-4f19-9DC5-56E97815A9B8},
825,Circuitry - Power,Logical,1034,0,35,{EBD30819-9AA6-4ecd-8DC4-98C4EB5C4CB9},
818,Electrical Control Unit Variants,Logical,1388,0,5,{CD8E5E29-F8A2-4286-82E5-E27BC4CC8B04},
820,Electrical - Power Station,CompositeStructure,1372,31301,8,{CEE93E84-FCAF-49a9-99AE-321EDA62A220},
821,Power Station State Machine Diagram,Statechart,1390,0,32,{36CEE613-225C-4081-8257-D0E092044235},
813,Electrical Switching,Logical,3442,23169,10,{6580B8BE-86FC-40c9-803C-AD04DD126154},
814,Relay Activity,Activity,3954,23019,5,{400BEEBD-C0EF-4fc9-913A-6E09890BBB20},
815,Electrical Switching,Custom,3442,23169,16,{4C47959A-C71C-48c0-AF7A-9E171FE0B2E2},
798,Electrical - Power Station,Logical,1372,0,17,{159B75EC-48E2-4ab7-890C-D36837A5444E},
800,Cable - Grid Variants,Logical,2512,0,4,{C87446F8-AB37-4670-BFB0-F3EE6E5A38E2},
793,PCBA - PS Control Spec,Logical,1368,0,33,{DCEA7101-42FD-4f1b-8695-1296A04A0739},
796,Cable - EV,Logical,1371,0,0,{F0B2E1EE-3A2F-46d6-A66D-B30E36F00FFF},
797,Cable Termination,Logical,1113,0,23,{C79FD1C4-A26F-4810-9A04-E9FE1D5C80EE},
791,Component Pkg,Package,1013,0,2,{2B33280B-A8E2-438c-BFFE-69559B60803E},
792,PCBA - PS Power,Logical,1367,0,10,{682AC2A2-5B35-40b1-AF52-143C3B489FF7},
778,Thermal Management,Logical,1353,0,4,{64A89F27-1FAE-4054-A5A9-FCF7BE791C67},
780,IEC,Logical,1357,0,0,{5B65EF06-063E-4bc7-A782-C85159FAF195},
781,ISO,Logical,1358,0,0,{E850BE47-7A02-434b-ABB9-7FCA73EEEE31},
789,Module Pkg,Package,1109,0,9,{22B350C9-7E93-42fc-8A2B-F9D4B3E7F0A8},
790,External Pkg,Package,1095,0,3,{921C4BEF-41EF-44bc-85C2-06B7D13EB432},
776,Power Server Electronics Panel,Logical,1248,0,27,{8601DB6E-9CA3-4a25-9CBF-15ACBD43E5E2},
777,Electrical - Power Server,CompositeStructure,3489,28032,51,{7233B4DB-EACD-4fdb-9A4B-F6B7B3BE34ED},
772,Power Server Electronics,Logical,1248,0,23,{382DBF3E-B480-4134-9523-845569A8A98D},
770,Load Operability,Logical,3442,31082,1,{982FF8A0-6BBE-4916-BE54-441D128BFAA6},
771,Circuit Breaker,Logical,1349,0,6,{F0A871A4-9205-4b0d-906C-2CB2468C8215},
766,EMC - Cabling & Wiring Design,Custom,1345,0,1,{3D604E7A-044A-496a-B8EE-61A09CC8DF36},
767,Light Pipe,Custom,1346,0,22,{C904B4C5-1377-4ce5-946A-66024E6D6613},
769,Circuitry - Switching,Logical,1348,0,28,{91C78485-A0EE-4856-85A1-FEE9C99CE366},
763,Creepage and Clearance,Custom,1343,0,77,{94649BB9-411E-4cee-B0DB-C63C24373BB1},
764,Draft Angles,Custom,1344,0,47,{8BDF374B-1735-4b0c-84A5-107D2E8A061B},
765,EMC - PCB Design,Custom,1345,0,33,{001D9EDE-6E96-40ff-8C86-D8307551893D},
750,Mounting,Logical,1331,0,3,{C08E3A4C-067D-46fa-8FE7-CCE3F851A2FE},
759,SW Application,Package,1339,0,0,{9C1C6683-45D3-4ee4-B323-10893B4F2B4D},
762,GSE Variants,Logical,1245,0,5,{255EB98D-9F41-4840-B620-E5C2CA1DC0FE},
716,Circuit - Current Monitor,Logical,1302,0,8,{5E22F1B7-B08B-4b38-92EE-46D5EAAF9199},
692,Design Standards,Activity,1491,0,2,{F2CFA4C5-9AF4-4749-BE36-720748CABC48},
712,Circuit - Voltage Regulator,Logical,1298,0,41,{C8026822-9F83-4261-980F-A0F6326BB64E},
667,ProCore State Machine,Statechart,1254,0,11,{A51ED236-538A-4b9d-8200-BEBE3B76D479},
668,System Interfaces,Logical,1255,0,4,{1B898C9B-5BBC-49b1-90B1-B4CB1F23F0F9},
669,Swappable Grid Interface,CompositeStructure,1255,29141,3,{1097AAA3-6543-4b16-9F6F-D8F71AAE3AFF},
663,MHE,Logical,1250,0,10,{61AF27C3-948D-4065-B4A5-4CFC34669203},
665,ProCore Edge,Logical,1252,0,20,{0DC8566B-5F35-40a2-8F6A-652C4FACFF31},
660,MVS,Logical,1247,0,5,{01970509-EA91-4df1-A03D-58573D71BD7B},
661,Power Station,Logical,3315,0,8,{2820821E-0B38-4344-BA10-1E52C8A0D21E},
662,HVDC DS_BDD,Logical,1249,0,11,{A77F6F5C-CB67-4b82-85D8-6B3E83071EA6},
639,Mk3,Logical,1227,0,0,{615245E4-7BDE-4180-9417-9FCAE650228B},
657,IPC Charger Structure,Logical,1244,0,8,{AFA58EBA-0D97-4673-825D-FB09D3886498},
658,GSE,Logical,1245,0,13,{EF79A064-D2AB-4628-BAFE-E7AFCF2E4FBE},
591,PosiLink Cloud,Logical,1197,0,6,{C91BB138-FAEA-4f17-8DCF-2C93136071F0},
635,3Phase NA Wallbox,Logical,1224,0,15,{A9E62EC7-9559-4a25-930F-14CBCE625569},
636,3Phase NA Wallbox,Custom,1224,0,17,{C82A1469-3A09-4b8e-9271-301BFA474F16},
588,OCPP Charging,Activity,1194,0,11,{99D51DCB-281A-47db-9DAE-86369B73C869},
589,OCPP,Statechart,1195,0,6,{F7B30AC9-31BF-44c3-9B40-D73333CC310C},
590,OTA PC_BDD,Logical,1196,0,7,{9ABC9801-C9BF-4e0f-9303-626E9670CB18},
583,Solar Bike Charger,Logical,1190,0,2,{6FAE9950-66A8-4e06-8591-CBAB364C1D73},
584,PosiGuard,Logical,2445,0,11,{8745408F-70B0-4508-834B-98D312C5D3FA},
585,BMID Variants,Logical,1191,0,18,{6061A1C1-F5C5-42a1-B786-6C8D38851393},
576,MHE Power Module SM_BDD,Logical,1183,0,12,{99E66A30-FE85-4a94-867E-492D877D0664},
577,Source Connect Variants,Logical,1184,0,9,{B1ACD1DD-EE3E-4215-90AB-767156349781},
582,Marine Charging,Logical,1189,0,7,{B98DA855-EE4A-4ca9-B1F6-005C6005CDA0},
575,PCBA - ProCore Edge Control,Logical,1182,0,82,{BCDA39AF-E270-4d75-9AF6-06F7454288ED},
551,Load Connection Variants,Logical,1163,0,5,{B3C8E9B9-EADA-44ce-9953-42470A1D03DD},
554,Vehicle Connection M_BDD,Logical,1166,0,3,{61F26625-CC60-4336-99FB-AED7F787C852},
574,PCBA - Charger,Logical,1181,0,5,{D1216055-0251-44b5-940B-5B06790FD4B2},
520,Enclosure - ProCore Edge SM_BDD,Logical,1137,0,21,{9647EB87-0C32-4ea6-BD17-EACC57F545FC},
550,Connector ASM - Industrial Variants,Logical,3204,0,24,{FCE5C811-4EB7-42d9-8E04-D29F2B569459},
509,Transformer,Logical,1124,0,9,{E4C332D0-23EE-47c1-8570-356F129B40F0},
510,Enclosure Variants,Logical,1125,0,6,{85E604E4-3E02-4b3a-8964-A2F91C0C912D},
519,Enclosure - Power Server,Logical,1136,0,0,{16BE4A49-E4FC-4bf3-8B0B-1A0248E48EA2},
506,Electrical System,Logical,1121,0,7,{DE2A27D0-6927-43be-B70D-2ECD96FE2FE9},
507,Electrical - DIN Rail,Logical,1122,0,4,{35B4E028-094A-43b3-BEBE-4078F60B637E},
508,Electrical - GSE,Logical,1123,0,5,{7F36588C-2CF4-489a-AD55-1BA3DE2F0A52},
504,MHE Unit,Logical,1119,0,11,{3FD2D257-EEE6-492d-9C3A-B2449F047D41},
505,MHE Unit - ProCore Edge,Logical,1120,0,20,{4849E925-C884-4229-8374-52206BADFC3C},
487,Laser Cutter,Logical,1108,0,3,{83F8D4B2-C336-489f-9029-B59B9675B090},
492,Coupler ASM - Gen2,Logical,1113,0,0,{13719687-3ABC-4b49-8827-62C5F4AD29B1},
493,Coupler ASM - Gen1 to Gen2,Logical,1113,0,4,{5CC91927-A000-4032-8933-F7311026E2A5},
484,Grid Earthing System SE_BDD,Logical,1105,0,7,{C298F107-70DF-4332-84F0-F5749E8F2C00},
485,Grid Frequency SE_BDD,Logical,1106,0,5,{C2FABFB4-73FF-4eff-BC6E-3D0BBF08FB85},
486,Grid Voltage SE_BDD,Logical,1107,0,14,{C507F5F8-F3B1-4b70-BE8B-79C0EAEB95CC},
481,Infrastructure SE_BDD,Logical,1103,0,13,{D637EF5B-52C9-4aa7-88F0-56AC54DF75F0},
482,Infrastructure Power PE_BDD,Logical,1103,0,0,{7CB8ACC1-37D2-4e0b-A669-060766EAC6FD},
483,Grid Utility SE_BDD,Logical,1104,0,4,{396E104A-8379-499b-9590-97A47F1C2167},
478,Battery Storage Variants,Logical,1100,0,17,{2E1C7D3E-36BB-4ee0-9290-9A3E45965F49},
479,Communicator SE_BDD,Logical,1102,0,11,{83389EA7-275E-4fec-BE0C-D063DCABEEEB},
480,Communicator PE_BDD,Logical,1102,0,2,{1643A5F5-F4DE-4f3a-B0CE-10C9B016564C},
475,Balcony PV,Logical,1098,0,3,{C0E96A4E-D8E0-4824-8866-F615D0E88E93},
476,Battery Source SE_BDD,Logical,1099,0,15,{13B93EFE-7265-42dc-A002-C52AA007EDBC},
477,Battery Storage PE_BDD,Logical,1099,0,0,{1DB9A287-9AF6-45a3-8AD1-EDA774AD7CB1},
472,Environment PE_BDD,Logical,1096,0,1,{6844F21D-BC3C-4a9d-AA47-29DD2A3FEDFD},
473,External Device SE_Pkg,Logical,1097,0,8,{A7030412-8D48-462e-93C4-B034A07837F9},
474,External Device PE_BDD,Logical,1097,0,0,{8F97BA50-36F7-4780-8012-DE83381F006B},
469,SW Prodict ID,Logical,1094,0,15,{3C8925AD-9349-4b82-8429-0F9EC26EAAAC},
470,Stakeholder External SE_Pkg,Logical,1095,0,7,{60767141-8402-4248-B43C-AB49498DE7FE},
471,Environment SE_BDD,Logical,1096,0,8,{CF5E2815-806F-4e9f-A018-B2FB52EDECE2},
466,Embedded Evolution,Activity,1089,0,21,{AB145CF8-5350-46f9-8160-643C4863C52E},
467,SW - Gen2_UL40 Ford,Logical,1092,0,25,{4E8D2392-82FB-4a48-B073-8AB7EA2806A2},
468,Sequence Diagram,Sequence,1093,0,9,{BB095C59-99B0-4065-A3BF-43CFE3981AC7},
463,Travel Bag SC_BDD,Logical,1087,0,4,{A7BD7489-1B2D-423f-B48A-D248271B3C68},
464,Embedded Partners PC_Pkg,Logical,1089,0,16,{0F086CD4-F501-4dc5-BAD6-59EF2ADE0D78},
465,Embedded Variants PC_Pkg,Logical,1089,0,18,{B7E1B89B-A498-4ac9-920B-E62621C72814},
460,Suspension - PCBA,Logical,1084,0,7,{9C02D124-E001-4b1c-9B4E-EFC75DB07D19},
461,Security Feature SC_BDD,Logical,1085,0,4,{7AD8D9D9-A87B-40ef-9F33-82691FDD26D0},
462,Strain Relief SC_BDD,Logical,1086,0,5,{5AF67AFB-D5D8-4f44-A7B7-936C78D5E0FE},
458,Installation Equipment SC_BDD,Logical,1082,0,5,{82C433BA-F4B8-45ec-ADBF-77F4DA9459DE},
459,Marking,Logical,1083,0,12,{07A4DED0-ED1B-4643-9587-610AFE95EEA7},
452,Bend Relief Variants SC_BDD,Logical,1077,0,2,{2E36EE96-B274-4139-8E36-79C86C9C5F1B},
455,Encapsulation SC_BDD,Logical,1079,0,5,{4239D133-874D-4cff-92BA-125D16C29511},
456,Fastening Component,Logical,1080,0,11,{9A43AEB8-A250-4a9d-951E-0383ECBCF2CE},
449,Vehicle Interface SC_Pkg,Logical,1074,0,10,{82C95682-0A57-48d0-8ECE-6DA5FB1D8E75},
450,Materials DC_BDD,Logical,1075,0,19,{69C5EA1E-9423-4cd9-97D5-7CDAFC714381},
451,Bend Relief DC_IBD,CompositeStructure,1077,27642,4,{A47A0A51-9B7B-49e2-AF76-21FD2516C20B},
447,Interface EE,Logical,1072,0,43,{A84871C2-84B8-46e1-BA65-0944EC795CD9},
448,System Interface,Logical,1073,0,7,{45ED90C0-3488-4993-A673-A535F5A51362},
437,Enclosure - ProCore Edge Front Panel SC_BDD,Logical,1062,0,7,{99378DA2-F259-4092-8616-617C2D5E5D0B},
438,Enclosure - ProCore Edge Main SC_BDD,Logical,1063,0,10,{38AFD7D0-7FDF-457f-8085-19B95814D987},
446,External Interface SC_BDD,Logical,1071,0,5,{5873B538-81E2-4dbe-B1B8-77BFC748CDAB},
430,Wire,Logical,1052,0,10,{99F1A407-2D08-4de5-ACA6-AB1F23518CF3},
432,Enclosure - BMID,Logical,1056,0,2,{5FE96FDB-E5E6-4d06-8F54-8562015DCA25},
434,Enclosure - GSE Design,Logical,1059,0,5,{1E5C34AC-2FE0-4549-8704-3E26C1DF39DF},
427,Communication Protocols Variants SC_BDD,Logical,1049,0,12,{4B374FB2-EE77-4ea8-B01B-56DB000855C5},
428,MOV Reed Switch,Logical,1050,0,2,{D2EA268C-398F-41a8-87B2-10418215D203},
429,PCB SC_BDD,Logical,1051,0,5,{68C9EA69-EF25-4962-8E66-C9AEF5E49853},
425,Comms Wired Variants SC_BDD,Logical,3555,52097,32,{D48951CD-D4DE-41e1-8D96-E6D2F762B3A7},
426,Comms Wireless Variants SC_BDD,Logical,3555,52098,17,{8B648343-D214-4e19-8FEB-0A6A0210A041},
423,HMI - Display Variants SC_BDD,Logical,1047,0,20,{02F38E68-D898-4eaf-9312-FB1D1EFBF523},
424,HMI - Light Bar SC_BDD,Logical,1048,0,6,{0603CE8D-91C8-4d56-AB6A-A3CD8D722C91},
419,Communication SC_BDD,Logical,1044,0,13,{034AD55B-7F78-471c-B925-8DCB7A109C14},
421,Comms HMI Variants SC_BDD,Logical,1046,0,10,{205F04A3-EF2F-4f21-97C1-8CDF612FC8C7},
422,HMI - Display SC_Req,Custom,1047,0,3,{9DED3D35-0704-43bd-AB26-6C612466FF73},
416,Circuit - Relay Variants,Logical,2979,0,9,{6F9092B9-3743-440e-86E9-7A85D9215DAC},
417,Cirucit - RCD,Logical,1040,0,6,{48153681-C3B2-49af-99F5-C9D6A14D2861},
418,Temp Sense - Swappable DC_Seq,Sequence,1041,0,2,{E7CA37CD-19D9-4f1d-8092-4B89C2BC3142},
414,Human Interface Circuitry DC_Pkg,Logical,1033,0,52,{BC622E2F-D11F-4672-8E4D-3CB62658B1ED},
415,Circuit - Relay,Logical,2979,0,8,{4A25DC6A-4954-4d53-81CD-F8BAA72BF6EA},
411,Circuitry - PCB,Logical,1030,0,9,{9B3B65C2-3151-4cce-90EC-5E1D800521BC},
412,Circuitry - Ground Fault,Logical,1030,0,6,{B3B3312A-91FD-42a6-803B-E05BBC9836E1},
413,Circuitry - Control,Logical,1031,0,4,{04A2B5F8-430D-4952-9DE1-362AC73ABB6A},
408,AC-AC Converter,Logical,1028,0,5,{5D7003D7-1E34-48cd-9CC0-D9ACF1DAEBCE},
409,Bus Bar,Logical,1029,0,3,{8A792887-D2ED-45a6-9B10-ED0555B6B8CC},
410,High Voltage DC_BDD,Logical,2504,0,7,{70FA3529-711A-4939-AA48-478D39D37BDE},
397,Cable - Grid,Logical,1019,0,5,{B1A7DCA4-0A31-4048-B366-5D5A10CECFD9},
398,Cable - Grid Variants,Logical,1019,0,4,{76EEDDA3-CD75-4381-B5D2-A8C79F349903},
407,Documentation SC_BDD,Logical,1026,0,4,{8D5EE5F5-E891-4245-95C3-29668A95238A},
394,Cable Filler,Logical,1016,0,0,{94BCCACA-8166-4dfa-85F5-2F57BCB5BF4D},
395,Cable Jacket,Logical,1017,0,9,{3D21723A-A49A-4869-A0AD-F3F65CF2E258},
396,Cable Variants SC_BDD,Logical,1018,0,12,{CB8583EA-7C81-4ecf-93D5-123967FC7BDD},
391,Cable - EV UL 2 Twist,Logical,1015,0,6,{443F08AD-D6DF-4974-B72A-00E3DA22C99E},
392,Cable - EV,Logical,2512,0,3,{76814E93-00B9-4981-A77A-39BFC4B9CF72},
393,Cable - EV Variants,Logical,1342,0,12,{8244E630-3A45-4f78-BAD4-F3B966249FF3},
388,Cable Construction,Logical,1014,0,8,{3910202F-F4CB-4359-B7B1-49ACEC259460},
389,Cable Variants,Logical,1014,0,2,{C1D2A1BC-21C8-43ea-ABEC-054E07708677},
390,Cable DC_IBD,CompositeStructure,1014,27032,4,{F021D5BB-A5DE-4b50-BD9A-C7CF1F84AD80},
375,SAE J3400 - NACS,Logical,952,0,2,{DDEEACC5-B2D9-44f9-93A5-A1496156FC59},
376,UL,Custom,953,52985,36,{3DF988E7-9D04-4778-8466-CDA1BEF20842},"Standard for Equipment Wiring Terminals
for Use with Aluminum and/or Copper Conductors"
377,US Federal Govt,Custom,954,79554,1,{A2A26D31-0FE0-4b92-A2F9-C320593BF4D4},
370,Interface Req,Custom,3445,56300,4,{A3172F08-46AC-4695-ACE4-1601A31681BC},
373,CARB 1962.3 Req_Req,Custom,949,79540,20,{C434051D-9BF9-4d00-980A-4FD8954730F2},
374,SAE,Custom,951,79552,3,{4EE2C546-DB08-49e0-9B75-E1D643179DC8},
212,Requirements,Package,750,0,0,{D97F5831-042E-45de-84F0-0A1C71FD38AF},
365,Design Guides,Custom,1491,0,16,{A77BD325-760D-4565-8406-86DEE2681C05},
368,Local Load Management Req_Req,Custom,3954,65528,11,{FABF82E6-C5FD-47ea-BE7A-FCA8F9FE90B5},
202,Industrial Admin Use Case,Use Case,3371,79986,14,{CA75EBFA-4D60-4476-A911-64807038ECCE},
211,Product Structure,Logical,1192,0,7,{2AD779CC-1DFF-4fcf-A996-20371127B455},
194,Use Cases,Package,732,0,5,{B16C62D0-6540-406c-8DFF-40E3A14E6DBB},
195,Guest Reservation,Activity,3367,23971,46,{10200D0B-584F-419d-B385-F9B829376D58},
196,Reservation,Activity,3367,23961,4,{5CA8C15C-7CE0-428f-8239-3FF08664C6ED},
191,Lifecycle,Activity,3368,0,4,{D1EA4654-0917-4b4b-84A5-5ACC9B6C0AD9},
192,Earth,Logical,733,0,9,{D399D0C8-FEAA-4a7f-A77A-C3A517FC0035},
193,Region,Logical,735,0,7,{863499B5-34BD-4f8f-9C48-9FDBE4C3AE51},
162,Webasto Charge App Mapping,Logical,696,0,76,{13BEF3CC-3169-4a41-A598-35E9823E1396},
163,Admin App View Diagram,Logical,697,0,27,{E821978A-9BFF-4ac4-A101-84702CA09FFA},Enables you to edit your account information and password
164,User App View Diagram,Logical,698,0,30,{BB94A696-EA4D-4447-A486-012AC9D315FF},
160,Personnel Protection,Logical,1652,23163,39,{064B3F8C-1C9D-4c89-B2D3-5D892944035A},
161,Weld Check,Activity,3955,23198,22,{D219496D-5EB2-4700-8489-5586FCDC818E},
158,Source Operability,Logical,3442,23095,5,{7876307C-6A50-4233-9692-74437B045C56},
159,System Operability,Logical,3442,23143,14,{03E2D54C-2C5C-4cce-9DB4-073BDE1440DB},
156,Monitor System,Logical,3955,23086,29,{10865D3D-E49F-4f01-8A61-FC90282393FD},
157,System Operation,Logical,3745,23089,11,{6A49ED07-C452-404c-9B1C-202054047C35},
154,Industrial Design,Logical,3447,23045,13,{469A65F9-9255-4e99-8F55-5D47CE1856BD},
155,Product Service,Logical,3956,56665,12,{24B3FC31-D214-4ab5-99F1-E9A3E1043621},
152,Transfer Energy,Logical,3954,23021,23,{AAA56F04-529F-4b9b-A1A9-19797D64FCF6},
153,Environmental Protection,Logical,3444,23037,12,{ABB5E496-5CBA-419b-A9E9-38377EB239CB},
150,Zero-Crossing,Activity,3954,22940,26,{F4347E32-AF80-4466-A5FD-2E578B2AF737},
151,Electromagnetic Compatibility,Logical,3443,22977,21,{D987A50F-CD8E-49da-A574-B73352F5C057},
148,Lifecycle Abuse Durability,Logical,3441,22906,12,{A815CAA9-59B4-4e5f-8F2B-7C0677E6E0E1},
149,Lifecycle Use Durability,Logical,3441,22927,12,{CED0CB3B-FDA9-41bc-94AF-8E276F2AFBA7},
146,Manage Data Access,Logical,3953,22881,20,{6799E709-DE98-4ab1-B0C3-07ACC27FC06C},
147,Durability,Logical,3441,22902,55,{8C3AB1FA-20D1-4ea4-A063-F626883B0B5E},
145,Manage Data,Logical,3953,22875,31,{3FA76CCF-3050-40a5-B9D9-C4F1703F7E68},
144,Communicate with Battery/Vehicle,Logical,3952,22864,21,{F81C86D7-1E40-494c-A545-34396CDD09B1},
142,Communicate with external device,Logical,3952,22852,9,{FAA3A4A1-62DB-4750-8CF3-CD284EC40EBA},
143,Communicate with user,Logical,3952,22861,13,{BE6B1ED0-2DA8-4053-9262-0CBB72AA5412},
141,Communicate with the Digital,Logical,3952,22844,44,{3B8140BA-E751-45ac-AC24-D6998048270A},
140,Communicate,Logical,3952,22842,13,{350A3320-1608-4b09-AAC1-5623CBB1E68D},
118,Product Function,Logical,679,22634,10,{15228324-0E8F-4fef-A93D-377652C559C2},
139,Control Access,Logical,3956,22839,13,{0A39EBFC-3F31-4356-B8A7-3B218FDF97AF},
